id,id_orar,ora_inceput,ora_final,profesor,materie,sala,saptamana,grupa
1,1,12:00,14:00,"Marin Li",ElemCalcStiin,"Sala L-309","Impar / Par",none
2,1,14:00,16:00,"Marin Li",ElemCalcStiin,"Amf. R1 (Et. 1, Fac. Chimie)","Impar / Par",none
3,1,16:00,18:00,"Vuletescu V","Geometrie II","Amf. R1 (Et. 1, Fac. Chimie)","Impar / Par",none
4,1,9:00,12:00,"Munteanu R","AnalizaMate II","Amf. R1 (Et. 1, Fac. Chimie)","Impar / Par",none
5,1,12:00,15:00,"Munteanu R","AnalizaMate II","Sala 10","Impar / Par",none
6,1,14:00,16:00,"Leustean L",LogicaMatem,"Amf. R1 (Et. 1, Fac. Chimie)","Impar / Par",none
7,1,16:00,18:00,"Dragomir A",LogicaMatem,"Sala 216",Impar,none
8,1,11:00,14:00,"Vuletescu V","Geometrie II","Sala 219","Impar / Par",none
9,1,14:00,16:00,"Dascalescu S","Algebra Il","Amf. R1 (Et. 1, Fac. Chimie)","Impar / Par",none
10,1,16:00,19:00,"Dascalescu S",Algebra,"Sala II","Impar / Par",none
11,2,12:00,14:00,"Popescu RC",Geom&AlgLin,"Amf. Titeica (Et. 3)","Impar / Par",none
12,2,14:00,16:00,"Dumitran M",StructDate,"Amf. Titeica (Et. 3)","Impar / Par",none
13,2,18:00,20:00,"Pacioianu D",POO,"Sala L.121D","Impar / Par",Grupa:2
14,2,8:00,10:00,"Mereu A ",LbForm&Autom,"Sala E2216",Impar,Grupa:1
15,2,10:00,12:00,"Paun A",LbForm&Autom,"Amf. Pompeiu (Et. 2)","Impar / Par",none
16,2,12:00,14:00,"Ghisoiu V",Geom&AlgLin,"Sala 8","Impar / Par",none
17,2,14:00,16:00,"Moanga N ",BD,"Sala L.221C",Impar,Grupa:1
18,2,14:00,16:00,"Dinu R",LbForm&Autom,"Sala 10",Par,none
19,2,16:00,18:00,"Moanga N ",BD,"Sala L.221C",Par,Grupa:1
20,2,8:00,10:00,"Mereu A ",LbForm&Autom,"Sala L.221C",Par,Grupa:2
21,2,8:00,10:00,"Petrescu AM",TehniciWeb,"Sala L.221A","Impar / Par",Grupa:1
22,2,12:00,14:00,"Dobrovat A",POO,"Amf. Pompeiu (Et. 2)","Impar / Par",none
23,2,14:00,16:00,"Dumitran M",StructDate,"Sala 219",Impar,none
24,2,18:00,20:00,"Pacioianu D",POO,"Sala L-309","Impar / Par",Grupa:1
25,2,18:00,20:00,"Moanga N",BD,"Sala L.221C","Impar / Par",Grupa:2
26,2,16:00,18:00,"Dumitran M ",StructDate,"Sala L.302A",Par,Grupa:2
27,2,14:00,16:00,"Chirita Ca",TehniciWeb,"Amf. Hater (Et. 0)","Impar / Par",none
28,2,10:00,12:00,"Dumitran M ",StructDate,"Sala L.310",Par,Grupa:1
29,2,12:00,14:00,"Cheptea D",POO,"Sala 216",Par,none
30,2,10:00,12:00,"Marin Le",BD,"Amf. Stoilow (Et. 1)","Impar / Par",none
31,2,8:00,10:00,"Dimisca C",TehniciWeb,"Sala L.221A","Impar / Par",Grupa:2
32,3,12:00,14:00,"Popescu RC",Geom&AlgLin,"Amf. Titeica (Et. 3)","Impar / Par",none
33,3,14:00,16:00,"Dumitran M",StructDate,"Amf. Titeica (Et. 3)","Impar / Par",none
34,3,16:00,18:00,"Bilbie F",POO,"Sala 3",Impar,none
35,3,10:00,12:00,"Paun A",LbForm&Autom,"Amf. Pompeiu (Et. 2)","Impar / Par",none
36,3,12:00,14:00,"Dumitran M",LbForm&Autom,"Sala 219",Impar,none
37,3,14:00,16:00,"Dumitran M ",StructDate,"Sala L.221A",Impar,Grupa:1
38,3,14:00,16:00,"Dumitran M ",StructDate,"Sala L.221A",Par,Grupa:2
39,3,8:00,10:00,"Lupascu M ",POO,"Sala L.121D",Impar,Grupa:1
40,3,10:00,12:00,"Marin Le ",BD,"Sala 201(BD)",Impar,Grupa:1
41,3,12:00,14:00,"Dobrovat A",POO,"Amf. Pompeiu (Et. 2)","Impar / Par",none
42,3,8:00,10:00,"Marin Le ",BD,"Sala 201(BD)",Impar,Grupa:2
43,3,8:00,10:00,"Marin Le ",BD,"Sala 201(BD)",Par,Grupa:1
44,3,14:00,16:00,"Dumitran M",StructDate,"Sala 219",Par,none
45,3,8:00,10:00,"Lupascu M ",POO,"Sala L.121D",Par,Grupa:2
46,3,10:00,12:00,"Marin Le ",BD,"Sala 201(BD)",Par,Grupa:2
47,3,8:00,10:00,"Nicolae BM ",TehniciWeb,"Sala L.218",Impar,Grupa:1
48,3,12:00,14:00,"Oprea T",Geom&AlgLin,"Sala 0","Impar / Par",none
49,3,14:00,16:00,"Chirita Ca",TehniciWeb,"Amf. Hater (Et. 0)","Impar / Par",none
50,3,16:00,18:00,"Dumitran M ",LbForm&Autom,"Sala L.221C",Impar,Grupa:1
51,3,8:00,10:00,"Lupascu M ",POO,"Sala L-309",Impar,Grupa:2
52,3,10:00,12:00,"Nicolae BM ",TehniciWeb,"Sala L.218",Impar,Grupa:2
53,3,8:00,10:00,"Lupascu M ",POO,"Sala L-309",Par,Grupa:1
54,3,10:00,12:00,"Nicolae BM ",TehniciWeb,"Sala L.218",Par,Grupa:1
55,3,8:00,10:00,"Nicolae BM ",TehniciWeb,"Sala L.218",Par,Grupa:2
56,3,16:00,18:00,"Dumitran M ",LbForm&Autom,"Sala L.221C",Par,Grupa:2
57,3,10:00,12:00,"Marin Le",BD,"Amf. Stoilow (Et. 1)","Impar / Par",none
58,4,12:00,14:00,"Georgescu Gi",LbForm&Autom,"Amf. Pompeiu (Et. 2)","Impar / Par",none
59,4,14:00,16:00,"Negru M",LbForm&Autom,"Sala 219",Par,none
60,4,16:00,18:00,"Bilbie F",POO,"Sala 3",Par,none
61,4,8:00,10:00,"Paun A",POO,"Amf. Pompeiu (Et. 2)","Impar / Par",none
62,4,12:00,14:00,"Mincu R ",StructDate,"Sala L.310",Impar,Grupa:1
63,4,14:00,16:00,"Ciocan I",TehniciWeb,"Sala L-322","Impar / Par",Grupa:1
64,4,10:00,12:00,"Ciocan I",TehniciWeb,"Sala L.302A","Impar / Par",Grupa:2
65,4,18:00,20:00,"Mares B",POO,"Sala L.310","Impar / Par",Grupa:2
66,4,12:00,14:00,"Mincu R ",StructDate,"Sala L.310",Par,Grupa:2
67,4,8:00,10:00,"Hirica I",Geom&AlgLin,"Amf. Pompeiu (Et. 2)","Impar / Par",none
68,4,10:00,12:00,"Hirica I",GeomAlgLin,"Sala 216","Impar / Par",none
69,4,12:00,14:00,"Benegui C",BD,"Sala 201(BD)","Impar / Par",Grupa:1
70,4,18:00,20:00,"Mares B",POO,"Sala L.121D","Impar / Par",Grupa:1
71,4,16:00,18:00,"Popa A",StructDate,"Amf. Stoilow (Et. 1)","Impar / Par",none
72,4,18:00,20:00,"Popa A",StructDate,"Sala 216",Impar,none
73,4,18:00,20:00,"Macarau H ",LbForm&Autom,"Sala L.302A",Par,Grupa:2
74,4,12:00,14:00,"Marin Le",BD,"Amf. Stoilow (Et. 1)","Impar / Par",none
75,4,14:00,16:00,"Chirita Ca",TehniciWeb,"Amf. Hater (Et. 0)","Impar / Par",none
76,4,8:00,10:00,"Marin Le",BD,"Sala 201(BD)","Impar / Par",Grupa:2
77,4,18:00,20:00,"Macarau H ",LbForm&Autom,"Sala L.221C",Par,Grupa:1
78,5,10:00,12:00,"Benegui C",BD,"Sala 201(BD)","Impar / Par",Grupa:1
79,5,12:00,14:00,"Georgescu Gi",LbForm&Autom,"Amf. Pompeiu (Et. 2)","Impar / Par",none
80,5,14:00,16:00,"Ciocan I",TehniciWeb,"Sala L.121D","Impar / Par",Grupa:1
81,5,10:00,12:00,"Ciocan I",TehniciWeb,"Sala L.221C","Impar / Par",Grupa:2
82,5,8:00,10:00,"Paun A",POO,"Amf. Pompeiu (Et. 2)","Impar / Par",none
83,5,10:00,12:00,"Mincu R ",StructDate,"Sala L.310",Impar,Grupa:1
84,5,16:00,18:00,"Mares B",POO,"Sala L.221A","Impar / Par",Grupa:1
85,5,18:00,20:00,"Macarau H ",LbForm&Autom,"Sala L.221C",Impar,Grupa:1
86,5,10:00,12:00,"Mincu R ",StructDate,"Sala L.310",Par,Grupa:2
87,5,8:00,10:00,"Hirica I",Geom&AlgLin,"Amf. Pompeiu (Et. 2)","Impar / Par",none
88,5,12:00,14:00,"Hirica I",Geom&AlgLin,"Sala 216","Impar / Par",none
89,5,10:00,12:00,"Negru M",LbForm&Autom,"Sala 219",Par,none
90,5,14:00,16:00,"Benegui C",BD,"Sala 201(BD)","Impar / Par",Grupa:2
91,5,16:00,18:00,"Popa A",StructDate,"Amf. Stoilow (Et. 1)","Impar / Par",none
92,5,18:00,20:00,"Macarau H ",LbForm&Autom,"Sala L.302A",Impar,Grupa:2
93,5,18:00,20:00,"Bilbie F",POO,"Sala 1",Par,none
94,5,12:00,14:00,"Marin Le",BD,"Amf. Stoilow (Et. 1)","Impar / Par",none
95,5,14:00,16:00,"Chirita Ca",TehniciWeb,"Amf. Hater (Et. 0)","Impar / Par",none
96,5,16:00,18:00,"Popa A",StructDate,"Sala 219",Impar,none
97,5,8:00,10:00,"Cepan L",POO,"Sala L.121D","Impar / Par",Grupa:2
98,6,8:00,10:00,"Benegui C",BD,"Sala 201(BD)","Impar / Par",Grupa:1
99,6,10:00,12:00,"Halanay A",GeomAlgLin,"Sala 10","Impar / Par",none
100,6,12:00,14:00,"Georgescu Gi",LbForm&Autom,"Amf. Pompeiu (Et. 2)","Impar / Par",none
101,6,18:00,20:00,"Bilbie F",POO,"Sala L.221C","Impar / Par",none
102,6,8:00,10:00,"Ciocan I",TehniciWeb,"Sala L.121D","Impar / Par",Grupa:2
103,6,8:00,10:00,"Paun A",POO,"Amf. Pompeiu (Et. 2)","Impar / Par",none
104,6,12:00,14:00,"Ciocan I",TehniciWeb,"Sala L.302A","Impar / Par",Grupa:1
105,6,18:00,20:00,"Bilbie F",POO,"Sala L.121D","Impar / Par",Grupa:2
106,6,8:00,10:00,"Hirica I",Geom&AlgLin,"Amf. Pompeiu (Et. 2)","Impar / Par",none
107,6,10:00,12:00,"Mincu R ",StructDate,"Sala L.310",Impar,Grupa:1
108,6,10:00,12:00,"Benegui C ",BD,"Sala L.218",Impar,Grupa:2
109,6,10:00,12:00,"Benegui C ",BD,"Sala L.218",Par,Grupa:2
110,6,12:00,14:00,"Mincu R ",StructDate,"Sala L.310",Par,Grupa:2
111,6,14:00,16:00,"Macovei B ",LbForm&Autom,"Sala L.218",Impar,Grupa:1
112,6,16:00,18:00,"Popa A",StructDate,"Amf. Stoilow (Et. 1)","Impar / Par",none
113,6,18:00,20:00,"Bilbie F",POO,"Sala 1",Impar,none
114,6,14:00,16:00,"Macovei B ",LbForm&Autom,"Sala L.218",Par,Grupa:2
115,6,10:00,12:00,"Negru M",LbForm&Autom,"Sala 5",Impar,none
116,6,12:00,14:00,"Marin Le",BD,"Amf. Stoilow (Et. 1)","Impar / Par",none
117,6,14:00,16:00,"Chirita Ca",TehniciWeb,"Amf. Hater (Et. 0)","Impar / Par",none
118,6,16:00,18:00,"Popa A",StructDate,"Sala 219",Par,none
119,7,12:00,14:00,"Georgescu Gi",LbForm&Autom,"Amf. Pompeiu (Et. 2)","Impar / Par",none
120,7,14:00,16:00,"Halanay A",GeomAlgLin,"Sala 10","Impar / Par",none
121,7,16:00,18:00,"Macovei B ",LbForm&Autom,"Sala L.302A",Impar,Grupa:1
122,7,16:00,18:00,"Macovei B ",LbForm&Autom,"Sala L.302A",Par,Grupa:2
123,7,8:00,10:00,"Paun A",POO,"Amf. Pompeiu (Et. 2)","Impar / Par",none
124,7,10:00,12:00,"Benegui C",BD,"Sala 201(BD)","Impar / Par",Grupa:1
125,7,12:00,14:00,"Cristea R",TehniciWeb,"Sala L.221A","Impar / Par",Grupa:1
126,7,10:00,12:00,"Cristea R",TehniciWeb,"Sala L.121D","Impar / Par",Grupa:2
127,7,12:00,14:00,"Benegui C",BD,"Sala L.218","Impar / Par",Grupa:2
128,7,8:00,10:00,"Hirica I",Geom&AlgLin,"Amf. Pompeiu (Et. 2)","Impar / Par",none
129,7,10:00,12:00,"Negru M",LbForm&Autom,"Sala 219",Impar,none
130,7,12:00,14:00,"Mincu R ",StructDate,"Sala L.310",Impar,Grupa:1
131,7,10:00,12:00,"Mincu R ",StructDate,"Sala L.310",Par,Grupa:2
132,7,12:00,14:00,"Costan M",POO,"Sala L-322","Impar / Par",Grupa:1
133,7,14:00,16:00,"Cheptea D",POO,"Sala 216",Impar,none
134,7,16:00,18:00,"Popa A",StructDate,"Amf. Stoilow (Et. 1)","Impar / Par",none
135,7,18:00,20:00,PopaA,StructDate,"Sala 216",Par,none
136,7,12:00,14:00,"Marin Le",BD,"Amf. Stoilow (Et. 1)","Impar / Par",none
137,7,14:00,16:00,"Chirita Ca",TehniciWeb,"Amf. Hater (Et. 0)","Impar / Par",none
138,7,16:00,18:00,"Costan M",POO,"Sala L.221C","Impar / Par",Grupa:2
139,8,8:00,10:00,"Stancu A",UtilizareaSO,"Sala L.310","Impar / Par",Grupa:1
140,8,12:00,15:00,"Mihail A",MatematiciSpeciale,"Amf. Hater (Et. 0)","Impar / Par",none
141,8,15:00,17:00,"llias P",MatematiciSpeciale,"Sala 0","Impar / Par",none
142,8,18:00,20:00,"Toca L",TehniciDeProgr,"Sala 8",Impar,none
143,8,8:00,10:00,"lrofti P",UtilizareaSO,"Amf. Hater (Et. 0)","Impar / Par",none
144,8,10:00,12:00,"Pascan R",CalculNumeric,"Amf. Hater (Et. 0)","Impar / Par",none
145,8,12:00,14:00,"Dragan M",ProiectareAsistDeCalGC,"Sala L-204","Impar / Par",none
146,8,14:00,16:00,"Pascan R ",CalculNumeric,"Sala L.218",Impar,Grupa:1
147,8,14:00,16:00,"Pascan R ",CalculNumeric,"Sala L.218",Par,Grupa:2
148,8,8:00,12:00,"Iftimie S / Tazlaoanu C",BazeElectroteh,Fac.Fizica-Magurele,Impar,none
149,8,13:00,15:00,"Tazlaoanu C",BazeElectroteh,Fac.Fizica-Magurele,"Impar / Par",none
150,8,10:00,12:00,"Boriga R",TehniciDeProgr,"Amf. Hater (Et. 0)","Impar / Par",none
151,8,12:00,14:00,"Dragan M",ProiectareAsistDeCalc,"Amf. Titeica (Et. 3)","Impar / Par",none
152,8,8:00,10:00,"Stancu A",UtilizareaSO,"Sala L.302A","Impar / Par",Grupa:2
153,8,8:00,10:00,"Mitre L",CalculNumeric,"Sala 10",Impar,none
154,8,10:00,12:00,"Micluta M",TehniciDeProgr,"Sala L-309","Impar / Par",none
155,9,8:00,10:00,"Mitre L",MatematiciSpeciale,"Sala 12","Impar / Par",none
156,9,12:00,15:00,"Mihail A",MatematiciSpeciale,"Amf. Hater (Et. 0)","Impar / Par",none
157,9,16:00,18:00,"Toca L",TehniciDeProgr,"Sala 8",Impar,none
158,9,10:00,12:00,"Pascan R ",CalculNumeric,"Sala L.121D",Par,Grupa:2
159,9,8:00,10:00,"lrofti P",UtilizareaSO,"Amf. Hater (Et. 0)","Impar / Par",none
160,9,10:00,12:00,"Pascan R",CalculNumeric,"Amf. Hater (Et. 0)","Impar / Par",none
161,9,12:00,14:00,"Pascan R ",CalculNumeric,"Sala L.121D",Impar,Grupa:1
162,9,13:00,15:00,"Tazlaoanu C",BazeElectroteh,Fac.Fizica-Magurele,"Impar / Par",none
163,9,15:00,19:00,"Iftimie S / Tazlaoanu C",BazeElectroteh,Fac.Fizica-Magurele,Impar,none
164,9,10:00,12:00,"Boriga R",TehniciDeProgr,"Amf. Hater (Et. 0)","Impar / Par",none
165,9,12:00,14:00,"Dragan M",ProiectareAsistDeCalc,"Amf. Titeica (Et. 3)","Impar / Par",none
166,9,14:00,16:00,"Micluta M",TehniciDeProgr,"Sala L-322","Impar / Par",none
167,9,16:00,18:00,"Dragan M",ProiectareAsistDeCalc,"Sala L-204","Impar / Par",none
168,9,10:00,12:00,"Dragan M",UtilizareaSO,"Sala L.302A","Impar / Par",Grupa:1
169,9,8:00,10:00,"Mitre L",CalculNumeric,"Sala 10",Par,none
170,9,12:00,14:00,"Dragan M",UtilizareaSO,"Sala L.302A","Impar / Par",Grupa:2
171,10,10:00,12:00,"Mitre L",MatematiciSpeciale,"Sala 12","Impar / Par",none
172,10,12:00,15:00,"Mihail A",MatematiciSpeciale,"Amf. Hater (Et. 0)","Impar / Par",none
173,10,18:00,20:00,"Toca L",TehniciDeProgr,"Sala 8",Par,none
174,10,8:00,10:00,"lrofti P",UtilizareaSO,"Amf. Hater (Et. 0)","Impar / Par",none
175,10,10:00,12:00,"Pascan R",CalculNumeric,"Amf. Hater (Et. 0)","Impar / Par",none
176,10,14:00,16:00,"Dragan M",ProiectareAsistDeCalc,"Sala L-204","Impar / Par",none
177,10,13:00,15:00,"Tazlaoanu C",BazeElectroteh,Fac.Fizica-Magurele,"Impar / Par",none
178,10,8:00,12:00,"Iftimie S / Tazlaoanu C",BazeElectroteh,Fac.Fizica-Magurele,Par,none
179,10,8:00,10:00,"Pascan R ",CalculNumeric,"Sala L.121D",Impar,Grupa:1
180,10,10:00,12:00,"Boriga R",TehniciDeProgr,"Amf. Hater (Et. 0)","Impar / Par",none
181,10,12:00,14:00,"Dragan M",ProiectareAsistDeCalc,"Amf. Titeica (Et. 3)","Impar / Par",none
182,10,14:00,16:00,"Baldovin M",TehniciDeProgr,"Sala L-309","Impar / Par",none
183,10,8:00,10:00,"Pascan R ",CalculNumeric,"Sala L.121D",Par,Grupa:2
184,10,8:00,10:00,"Dragan M",UtilizareaSO,"Sala L.310","Impar / Par",Grupa:1
185,10,12:00,14:00,"Mitre L",CalculNumeric,"Sala 10",Impar,none
186,10,14:00,16:00,"Dragan M",UtilizareaSO,"Sala L.121D","Impar / Par",Grupa:2
187,11,10:00,12:00,"Pascan R ",CalculNumeric,"Sala L.121D",Impar,Grupa:1
188,11,12:00,15:00,"Mihail A",MatematiciSpeciale,"Amf. Hater (Et. 0)","Impar / Par",none
189,11,16:00,18:00,"Toca L",TehniciDeProgr,"Sala 8",Par,none
190,11,8:00,10:00,"lrofti P",UtilizareaSO,"Amf. Hater (Et. 0)","Impar / Par",none
191,11,10:00,12:00,"Pascan R",CalculNumeric,"Amf. Hater (Et. 0)","Impar / Par",none
192,11,12:00,14:00,"Pascan R ",CalculNumeric,"Sala L.121D",Par,Grupa:2
193,11,13:00,15:00,"Tazlaoanu C",BazeElectroteh,Fac.Fizica-Magurele,"Impar / Par",none
194,11,15:00,19:00,"Iftimie S / Tazlaoanu C",BazeElectroteh,Fac.Fizica-Magurele,Par,none
195,11,10:00,12:00,"Boriga R",TehniciDeProgr,"Amf. Hater (Et. 0)","Impar / Par",none
196,11,12:00,14:00,"Dragan M",ProiectareAsistDeCalc,"Amf. Titeica (Et. 3)","Impar / Par",none
197,11,16:00,18:00,"Baldovin M",TehniciDeProgr,"Sala L-322","Impar / Par",none
198,11,8:00,10:00,"Nicolae CC",UtilizareaSO,"Sala L.310","Impar / Par",Grupa:2
199,11,8:00,10:00,"Nicolae CC",UtilizareaSO,"Sala L.302A","Impar / Par",Grupa:1
200,11,10:00,12:00,"Mitre L",MatematiciSpeciale,"Sala 10","Impar / Par",none
201,11,16:00,18:00,"Dragan M",ProiectareAsistDeCal,"Sala L-204","Impar / Par",none
202,11,12:00,14:00,"Mitre L",CalculNumeric,"Sala 10",Par,none
203,12,14:00,16:00,"Marin Li",ElemCalcStiin,"Amf. R1 (Et. 1, Fac. Chimie)","Impar / Par",none
204,12,16:00,18:00,"Vuletescu V","Geometrie II","Amf. R1 (Et. 1, Fac. Chimie)","Impar / Par",none
205,12,12:00,14:00,"Halanay A",ElemCalcStiin,"Sala L-322","Impar / Par",none
206,12,14:00,16:00,"Dragomir A",LogicaMatem,"Sala 216",Impar,none
207,12,9:00,12:00,"Munteanu R","AnalizaMate II","Amf. R1 (Et. 1, Fac. Chimie)","Impar / Par",none
208,12,12:00,15:00,"llias P",AnalizaMate,"Sala II","Impar / Par",none
209,12,14:00,16:00,"Leustean L",LogicaMatem,"Amf. R1 (Et. 1, Fac. Chimie)","Impar / Par",none
210,12,16:00,19:00,"Filimon L","Algebra II","Sala 10","Impar / Par",none
211,12,11:00,14:00,"Oprea T","Geometrie II","Sala 216","Impar / Par",none
212,12,14:00,16:00,"Dascalescu S","Algebra Il","Amf. R1 (Et. 1, Fac. Chimie)","Impar / Par",none
213,13,10:00,12:00,"Bordea D",Franceza,"Sala 8","Impar / Par",none
214,13,16:00,18:00,"Mincu G",DidacticaSpec,"Sala 220",Impar,"Serii:20 21 "
215,13,14:00,16:00,"Tataram M",Didacticalnfo,"Sala 220",Impar,"Serii:23 24 "
216,13,18:00,20:00,"Tataram M",Didacticalnfo,"Sala 220",Impar,"Serii:25 "
217,13,16:00,18:00,"Tataram M",Didacticalnfo,"Sala 220",Par,"Serii:23 24 25 "
218,13,18:00,20:00,"Dumitriu A","Intro loT","Amf. Titeica (Et. 3)",Par,none
219,13,8:00,10:00,"Voica C",DidacticaSpec,"Sala 219",Par,"Serii:22 "
220,13,8:00,10:00,"lonita D",Engleza,"Sala 9",Impar,none
221,13,10:00,12:00,"lonita D",Engleza,"Sala 0","Impar / Par",none
222,13,12:00,14:00,"lonita D",Engleza,"Sala 0","Impar / Par",none
223,13,14:00,16:00,"lonita D",Engleza,"Sala 2","Impar / Par",none
224,13,8:00,10:00,"Voica C",DidacticaSpec,"Amf. Hater (Et. 0)",Par,"Serii:20 21 22 "
225,14,14:00,16:00,"Vladoiu S",AnComplexa,"Sala 8","Impar / Par",none
226,14,16:00,18:00,"Ornea L",Geometrie,"Sala 10","Impar / Par",none
227,14,10:00,12:00,"Tigoiu V",Mecanica,"Amf. Stoilow (Et. 1)","Impar / Par",none
228,14,12:00,14:00,"Popescu lo",Probabilitati,"Sala 215(Alg)","Impar / Par",none
229,14,14:00,16:00,"Ornea L",Geometrie,"Sala 5","Impar / Par",none
230,14,10:00,12:00,"Tigoiu V",Mecanica,"Sala 120",Impar,none
231,14,12:00,14:00,"Gica A",TeoriaNr,"Sala 120","Impar / Par",none
232,14,14:00,16:00,"Gica A",TeoriaNr,"Sala 120","Impar / Par",none
233,14,10:00,12:00,"Marin Li",Mecanica,"Sala L-309",Par,none
234,14,12:00,14:00,"Cristea M",AnComplexa,"Amf. Pompeiu (Et. 2)","Impar / Par",none
235,14,14:00,16:00,"Popescu lo",Probabilitati,"Amf. Pompeiu (Et. 2)","Impar / Par",none
236,14,14:00,16:00,"Militaru G",Algebra,"Amf. Pompeiu (Et. 2)","Impar / Par",none
237,14,16:00,18:00,"Militaru G",Algebra,"Sala 5","Impar / Par",none
238,15,12:00,14:00,"Georgescu Gi",LbForm&Autom,"Amf. Pompeiu (Et. 2)","Impar / Par",none
239,15,14:00,16:00,"Predut SN",BD,"Amf. Pompeiu (Et. 2)","Impar / Par",none
240,15,16:00,18:00,"Dobos I ",LbForm&Autom,"Sala L.218",Impar,Grupa:1
241,15,16:00,18:00,"Negru M",LbForm&Autom,"Sala 219",Par,none
242,15,18:00,20:00,"Gusatu M ",POO,"Sala L-309",Par,Grupa:2
243,15,8:00,10:00,"Paun A",POO,"Amf. Pompeiu (Et. 2)","Impar / Par",none
244,15,10:00,12:00,"Cimpean I",Probabilitati,"Sala 10","Impar / Par",none
245,15,12:00,14:00,"Vladoiu S",AnComplexa,"Sala 5","Impar / Par",none
246,15,18:00,20:00,"Gusatu M ",POO,"Sala L.218",Impar,Grupa:2
247,15,8:00,10:00,GaeA,BD,"Sala 201(BD)","Impar / Par",none
248,15,10:00,12:00,"Cheptea D",POO,"Sala 216",Impar,none
249,15,12:00,14:00,"Cristea M",AnComplexa,"Amf. Pompeiu (Et. 2)","Impar / Par",none
250,15,14:00,16:00,"Popescu lo",Probabilitati,"Amf. Pompeiu (Et. 2)","Impar / Par",none
251,15,10:00,12:00,"Dobos I ",LbForm&Autom,"Sala L.302A",Par,Grupa:2
252,15,10:00,12:00,"Gusatu M",POO,"Sala L.221C","Impar / Par",Grupa:1
253,15,12:00,14:00,"Militaru G",Algebra,"Sala 5","Impar / Par",none
254,15,14:00,16:00,"Militaru G",Algebra,"Amf. Pompeiu (Et. 2)","Impar / Par",none
255,16,12:00,14:00,"Georgescu Gi",LbForm&Autom,"Amf. Pompeiu (Et. 2)","Impar / Par",none
256,16,14:00,16:00,"Predut SN",BD,"Amf. Pompeiu (Et. 2)","Impar / Par",none
257,16,16:00,18:00,"Gusatu M ",POO,"Sala L.121D",Impar,Grupa:2
258,16,16:00,18:00,"Dobos I ",LbForm&Autom,"Sala L.218",Par,Grupa:1
259,16,16:00,18:00,"Gusatu M ",POO,"Sala L.121D",Par,Grupa:2
260,16,8:00,10:00,"Paun A",POO,"Amf. Pompeiu (Et. 2)","Impar / Par",none
261,16,12:00,14:00,"Cimpean I",Probabilitati,"Sala 10","Impar / Par",none
262,16,8:00,10:00,"Gae A",BD,"Sala L-204","Impar / Par",none
263,16,10:00,12:00,"Dinu R",Algebra,"Sala 0","Impar / Par",none
264,16,8:00,10:00,"Gusatu M",POO,"Sala L.221C","Impar / Par",Grupa:1
265,16,12:00,14:00,"Cristea M",AnComplexa,"Amf. Pompeiu (Et. 2)","Impar / Par",none
266,16,14:00,16:00,"Popescu lo",Probabilitati,"Amf. Pompeiu (Et. 2)","Impar / Par",none
267,16,10:00,12:00,"Dobos I ",LbForm&Autom,"Sala L.302A",Impar,Grupa:2
268,16,10:00,12:00,"Cheptea D",POO,"Sala 216",Par,none
269,16,12:00,14:00,"Vladoiu S",AnComplexa,"Sala 12","Impar / Par",none
270,16,14:00,16:00,"Militaru G",Algebra,"Amf. Pompeiu (Et. 2)","Impar / Par",none
271,16,10:00,12:00,"Negru M",LbForm&Autom,"Sala 5",Par,none
272,17,8:00,10:00,"Nistor M",Probabilitati,"Sala 5","Impar / Par",none
273,17,10:00,12:00,"Tigoiu V",Mecanica,"Amf. Stoilow (Et. 1)","Impar / Par",none
274,17,12:00,14:00,"Tigoiu V",Mecanica,"Sala 216",Impar,none
275,17,10:00,12:00,"Preda O",AnComplexa,"Sala 1","Impar / Par",none
276,17,12:00,14:00,"Dinu R",Algebra,"Sala 8","Impar / Par",none
277,17,12:00,14:00,"Cristea M",AnComplexa,"Amf. Pompeiu (Et. 2)","Impar / Par",none
278,17,14:00,16:00,"Popescu lo",Probabilitati,"Amf. Pompeiu (Et. 2)","Impar / Par",none
279,17,10:00,12:00,"Pascan R",Mecanica,"Sala L-303",Par,none
280,17,10:00,12:00,"Munteanu I",SoftMatem,"Sala L-303","Impar / Par",none
281,17,12:00,14:00,"Munteanu I",SoftMatem,"Sala 202","Impar / Par",none
282,17,14:00,16:00,"Militaru G",Algebra,"Amf. Pompeiu (Et. 2)","Impar / Par",none
283,18,8:00,10:00,"Munteanu I",SoftMatem,"Sala L-309","Impar / Par",none
284,18,10:00,12:00,"Tigoiu V",Mecanica,"Amf. Stoilow (Et. 1)","Impar / Par",none
285,18,12:00,14:00,"Tigoiu V",Mecanica,"Sala 216",Par,none
286,18,10:00,12:00,"Bucataru M",Probabilitati,"Sala 8","Impar / Par",none
287,18,12:00,14:00,"Preda O",AnComplexa,"Sala 3","Impar / Par",none
288,18,10:00,12:00,"Pascan R",Mecanica,"Sala L-303",Impar,none
289,18,12:00,14:00,"Cristea M",AnComplexa,"Amf. Pompeiu (Et. 2)","Impar / Par",none
290,18,14:00,16:00,"Popescu lo",Probabilitati,"Amf. Pompeiu (Et. 2)","Impar / Par",none
291,18,16:00,18:00,"Popescu CD",Algebra,"Sala 8","Impar / Par",none
292,18,12:00,14:00,"Munteanu I",SoftMatem,"Sala 202","Impar / Par",none
293,18,14:00,16:00,"Militaru G",Algebra,"Amf. Pompeiu (Et. 2)","Impar / Par",none
294,19,10:00,12:00,"BanuDem. I",BD,"Amf. Stoilow (Et. 1)","Impar / Par",none
295,19,12:00,14:00,"Hristea F","IA [sapt 1-7]","Amf. Titeica (Et. 3)",Impar,none
296,19,14:00,16:00,"Nisioi S",ReteleCalc,"Sala L-309","Impar / Par",none
297,19,16:00,18:00,"Negru M","IA [sapt 1-7]","Sala L-308",Impar,none
298,19,12:00,14:00,"lonescu R","IA [sapt 8-14]","Amf. Titeica (Et. 3)",Par,none
299,19,16:00,18:00,"Dragomir A",ProgLogica,"Sala 216",Par,none
300,19,8:00,10:00,"Prunescu M",MetDezvSoft,"Sala L-322","Impar / Par",none
301,19,10:00,12:00,"Stefanescu A",MetDezvSoft,"Amf. Titeica (Et. 3)","Impar / Par",none
302,19,12:00,14:00,"Boriga R",ProgrAvOb,"Amf. Hater (Et. 0)","Impar / Par",none
303,19,14:00,16:00,"Dragomir A ",ProgLogica,"Sala L.221C",Impar,Grupa:1
304,19,16:00,18:00,"Barbalau A",IA[sapt,"Sala 8-14]",Impar,none
305,19,18:00,20:00,"Butan S",ProgrAvOb,"Sala 201(BD)","Impar / Par",none
306,19,14:00,16:00,"Dragomir A ",ProgLogica,"Sala L.221C",Par,Grupa:2
307,19,8:00,10:00,"Dinu L",ReteleCalc,"Amf. Pompeiu (Et. 2)","Impar / Par",none
308,19,10:00,12:00,"Leustean I",ProgLogica,"Amf. Pompeiu (Et. 2)","Impar / Par",none
309,19,12:00,14:00,"Sinescu A ",BD,"Sala 201(BD)","Impar / Par",Grupa:1
310,19,14:00,16:00,"Sinescu A ",BD,"Sala 201(BD)","Impar / Par",Grupa:2
311,19,12:00,14:00,"Negru M ",IA[sapt1-7],"Sala L.218","Impar / Par",Grupa:2
312,19,14:00,16:00,"Negru M ",IA[sapt1-7],"Sala L.218","Impar / Par",Grupa:1
313,19,12:00,14:00,"Barbalau A ",IA[sapt8-14],"Sala L.310","Impar / Par",Grupa:2
314,19,14:00,16:00,"Barbalau A ",IA[sapt8-14],"Sala L.310","Impar / Par",Grupa:1
315,20,8:00,10:00,"Burduja M","IA [sapt 8-14]","Sala L.221A","Impar / Par",Grupa:1
316,20,10:00,12:00,"BanuDem. I",BD,"Amf. Stoilow (Et. 1)","Impar / Par",none
317,20,8:00,10:00,"Riclea A",BD,"Sala L-303","Impar / Par",Grupa:2
318,20,8:00,10:00,"Prunescu M",MetDezvSoft,"Sala L-321","Impar / Par",none
319,20,10:00,12:00,"Nisioi S",ReteleCalc,"Sala L-322","Impar / Par",none
320,20,12:00,14:00,"Hristea F","IA [sapt 1-7]","Amf. Titeica (Et. 3)",Impar,none
321,20,14:00,16:00,"Negru M","IA [sapt 1-7]","Sala L-308",Impar,none
322,20,12:00,14:00,"lonescu R","IA [sapt 8-14]","Amf. Titeica (Et. 3)",Par,none
323,20,16:00,18:00,"Turlea A ",ProgLogica,"Sala L.218",Par,Grupa:1
324,20,8:00,10:00,"Negru M","IA [sapt 1-7]","Sala L.218","Impar / Par",Grupa:1
325,20,10:00,12:00,"Stefanescu A",MetDezvSoft,"Amf. Titeica (Et. 3)","Impar / Par",none
326,20,8:00,10:00,"Burduja M","IA [sapt 8-14]","Sala L.310","Impar / Par",Grupa:2
327,20,14:00,16:00,"Negru M","IA [sapt 1-7]","Sala L.218","Impar / Par",Grupa:2
328,20,8:00,10:00,"Voinea C",ProgrAvOb,"Sala L-303","Impar / Par",none
329,20,12:00,14:00,"Boriga R",ProgrAvOb,"Amf. Hater (Et. 0)","Impar / Par",none
330,20,14:00,16:00,"Turlea A ",ProgLogica,"Sala L.310",Impar,Grupa:2
331,20,10:00,12:00,"Burduja M",IA[sapt,"Sala 8-14]",Par,none
332,20,14:00,16:00,"Turlea A",ProgLogica,"Sala 3",Par,none
333,20,8:00,10:00,"Dinu L",ReteleCalc,"Amf. Pompeiu (Et. 2)","Impar / Par",none
334,20,10:00,12:00,"Leustean I",ProgLogica,"Amf. Pompeiu (Et. 2)","Impar / Par",none
335,20,12:00,14:00,"Riclea A",BD,"Sala L-303","Impar / Par",Grupa:1
336,21,10:00,12:00,"BanuDem. I",BD,"Amf. Stoilow (Et. 1)","Impar / Par",none
337,21,8:00,10:00,"Constantinov C",ProgrAvOb,"Sala L-303","Impar / Par",none
338,21,10:00,12:00,"Prunescu M",MetDezvSoft,"Sala L-321","Impar / Par",none
339,21,12:00,14:00,"Hristea F","IA [sapt 1-7]","Amf. Titeica (Et. 3)",Impar,none
340,21,18:00,20:00,"Dragomir A",ProgLogica,"Sala 216",Impar,none
341,21,12:00,14:00,"lonescu R","IA [sapt 8-14]","Amf. Titeica (Et. 3)",Par,none
342,21,14:00,16:00,"Negru M",IA[sapt1-7],"Sala L-308",Par,none
343,21,14:00,16:00,"Gaman M",IA[sapt,"Sala 8-14]",Par,none
344,21,10:00,12:00,"Stefanescu A",MetDezvSoft,"Amf. Titeica (Et. 3)","Impar / Par",none
345,21,12:00,14:00,"Negru M","IA [sapt 1-7]","Sala L.218","Impar / Par",Grupa:1
346,21,14:00,16:00,"Nisioi S",ReteleCalc,"Sala L-308","Impar / Par",none
347,21,12:00,14:00,"Gaman M","IA [sapt 8-14]","Sala L.121D","Impar / Par",Grupa:2
348,21,10:00,12:00,"Belcineanu A",BD,"Sala 201(BD)","Impar / Par",Grupa:1
349,21,12:00,14:00,"Boriga R",ProgrAvOb,"Amf. Hater (Et. 0)","Impar / Par",none
350,21,18:00,20:00,"Gaman M","IA [sapt 8-14]","Sala 1","Impar / Par",none
351,21,14:00,16:00,"Belcineanu A",BD,"Sala 201(BD)","Impar / Par",Grupa:2
352,21,16:00,18:00,"Negru M","IA [sapt 1-7]","Sala L.218","Impar / Par",Grupa:2
353,21,8:00,10:00,"Dinu L",ReteleCalc,"Amf. Pompeiu (Et. 2)","Impar / Par",none
354,21,10:00,12:00,"Leustean I",ProgLogica,"Amf. Pompeiu (Et. 2)","Impar / Par",none
355,21,12:00,14:00,"Chirita Ca ",ProgLogica,"Sala L.221A",Impar,Grupa:1
356,21,12:00,14:00,"Chirita Ca ",ProgLogica,"Sala L.221A",Par,Grupa:2
357,22,10:00,12:00,"BanuDem. I",BD,"Amf. Stoilow (Et. 1)","Impar / Par",none
358,22,8:00,10:00,"Craciun D",BD,"Sala L.302A","Impar / Par",Grupa:2
359,22,18:00,20:00,"Soviany P",IA[sapt,"Sala 8-14]",Par,none
360,22,8:00,10:00,"Craciun D",BD,"Sala L.302A","Impar / Par",Grupa:1
361,22,10:00,12:00,"Negru M","IA [sapt 1-7]","Sala L.218","Impar / Par",Grupa:1
362,22,12:00,14:00,"Hristea F","IA [sapt 1-7]","Amf. Titeica (Et. 3)",Impar,none
363,22,8:00,10:00,"Negru M","IA [sapt 1-7]","Sala L.218","Impar / Par",Grupa:2
364,22,12:00,14:00,"lonescu R","IA [sapt 8-14]","Amf. Titeica (Et. 3)",Par,none
365,22,14:00,16:00,"Dragomir A",ProgLogica,"Sala 216",Par,none
366,22,8:00,10:00,"Staicu AN",MetDezvSoft,"Sala L-321","Impar / Par",none
367,22,10:00,12:00,"Stefanescu A",MetDezvSoft,"Amf. Titeica (Et. 3)","Impar / Par",none
368,22,12:00,14:00,"Chirita Ca ",ProgLogica,"Sala L.302A",Impar,Grupa:1
369,22,12:00,14:00,"Chirita Ca ",ProgLogica,"Sala L.302A",Par,Grupa:2
370,22,8:00,10:00,"Scarlat M",ProgrAvOb,"Sala L-308","Impar / Par",none
371,22,12:00,14:00,"Boriga R",ProgrAvOb,"Amf. Hater (Et. 0)","Impar / Par",none
372,22,14:00,16:00,"Soviany P ",IA[sapt8-14],"Sala L.221A",Impar,Grupa:1
373,22,16:00,18:00,"Soviany P ",IA[sapt,"Sala 8-14]",Impar,Grupa:2
374,22,14:00,16:00,"Negru M",IA[sapt1-7],"Sala L-308",Par,none
375,22,14:00,16:00,"Soviany P ",IA[sapt8-14],"Sala L.221A",Par,Grupa:1
376,22,16:00,18:00,"Soviany P ",IA[sapt,"Sala 8-14]",Par,Grupa:2
377,22,8:00,10:00,"Dinu L",ReteleCalc,"Amf. Pompeiu (Et. 2)","Impar / Par",none
378,22,10:00,12:00,"Leustean I",ProgLogica,"Amf. Pompeiu (Et. 2)","Impar / Par",none
379,22,12:00,14:00,"Nisioi S",ReteleCalc,"Sala L-204","Impar / Par",none
380,23,11:00,14:00,"llias P",AnalizaMate,"Sala II","Impar / Par",none
381,23,14:00,16:00,"Marin Li",ElemCalcStiin,"Amf. R1 (Et. 1, Fac. Chimie)","Impar / Par",none
382,23,16:00,18:00,"Vuletescu V","Geometrie II","Amf. R1 (Et. 1, Fac. Chimie)","Impar / Par",none
383,23,9:00,12:00,"Munteanu R","AnalizaMate II","Amf. R1 (Et. 1, Fac. Chimie)","Impar / Par",none
384,23,12:00,14:00,"Dragomir A",LogicaMatem,"Sala 215(Alg)",Impar,none
385,23,9:00,12:00,"Oprea T",Geometrie,"Sala II","Impar / Par",none
386,23,12:00,14:00,"Halanay A",ElemCalcStiin,"Sala L-303","Impar / Par",none
387,23,14:00,16:00,"Leustean L",LogicaMatem,"Amf. R1 (Et. 1, Fac. Chimie)","Impar / Par",none
388,23,14:00,16:00,"Dascalescu S","Algebra Il","Amf. R1 (Et. 1, Fac. Chimie)","Impar / Par",none
389,23,16:00,19:00,"Baetica C","Algebra Il","Sala 216","Impar / Par",none
390,24,8:00,10:00,"Mereu A",BD,"Sala L.221C","Impar / Par",Grupa:1
391,24,10:00,12:00,"BanuDem. I",BD,"Amf. Stoilow (Et. 1)","Impar / Par",none
392,24,18:00,20:00,"llie CA",MetDezvSoft,"Sala L-321","Impar / Par",none
393,24,12:00,14:00,"Ciocan I","IA [sapt 1-7]","Sala L.221A","Impar / Par",Grupa:2
394,24,12:00,14:00,"Hristea F","IA [sapt 1-7]","Amf. Titeica (Et. 3)",Impar,none
395,24,18:00,20:00,"Popescu V",ProgrAvOb,"Sala 201(BD)","Impar / Par",none
396,24,12:00,14:00,"lonescu R","IA [sapt 8-14]","Amf. Titeica (Et. 3)",Par,none
397,24,14:00,16:00,"Georgescu I","IA [sapt 8-14]","Sala L-308",Par,none
398,24,8:00,10:00,"Ciocan I","IA [sapt 1-7]","Sala L.302A","Impar / Par",Grupa:1
399,24,10:00,12:00,"Stefanescu A",MetDezvSoft,"Amf. Titeica (Et. 3)","Impar / Par",none
400,24,12:00,14:00,"Nisioi S",ReteleCalc,"Sala L-322","Impar / Par",none
401,24,18:00,20:00,"Georgescu I","IA [sapt 8-14]","Sala L.221A","Impar / Par",Grupa:1
402,24,16:00,18:00,"Georgescu I","IA [sapt 8-14]","Sala L.218","Impar / Par",Grupa:2
403,24,12:00,14:00,"Boriga R",ProgrAvOb,"Amf. Hater (Et. 0)","Impar / Par",none
404,24,14:00,16:00,"Ciocan I","IA [sapt 1-7]","Sala L-308",Impar,none
405,24,16:00,18:00,"Leustean I",ProgLogica,"Sala 1",Impar,none
406,24,18:00,20:00,"Mereu A ",BD,"Sala L.121D",Impar,Grupa:2
407,24,18:00,20:00,"Leustean I ",ProgLogica,"Sala L.310",Par,Grupa:1
408,24,16:00,18:00,"Leustean I ",ProgLogica,"Sala L.310",Par,Grupa:2
409,24,18:00,20:00,"Mereu A ",BD,"Sala L.121D",Par,Grupa:2
410,24,8:00,10:00,"Dinu L",ReteleCalc,"Amf. Pompeiu (Et. 2)","Impar / Par",none
411,24,10:00,12:00,"Leustean I",ProgLogica,"Amf. Pompeiu (Et. 2)","Impar / Par",none
412,25,14:00,16:00,"Predut SN",BD,"Amf. Pompeiu (Et. 2)","Impar / Par",none
413,25,16:00,18:00,"Muresan C",ProgLogica,"Amf. Pompeiu (Et. 2)","Impar / Par",none
414,25,18:00,20:00,"Barbalau A","IA [sapt 1-7]","Sala L-322",Impar,none
415,25,10:00,12:00,"Vasile SL",BD,"Sala L.221C","Impar / Par",Grupa:1
416,25,12:00,14:00,"lonescu R","IA [sapt 1-7]","Amf. Pompeiu (Et. 2)",Impar,none
417,25,10:00,12:00,"Negru M","IA [sapt 8-14]","Sala L.218","Impar / Par",Grupa:2
418,25,12:00,14:00,"Hristea F","IA [sapt 8-14]","Amf. Pompeiu (Et. 2)",Par,none
419,25,8:00,10:00,"Stefanescu A",MetDezvSoft,"Amf. Titeica (Et. 3)","Impar / Par",none
420,25,10:00,12:00,"Dragan M",ReteleCalc,"Sala L-204","Impar / Par",none
421,25,12:00,14:00,"Negru M ",IA[sapt8-14],"Sala L.218",Impar,Grupa:1
422,25,14:00,16:00,"Muresan C ",ProgLogica,"Sala L.121D",Impar,Grupa:1
423,25,12:00,14:00,"Muresan C ",ProgLogica,"Sala L.221C",Impar,Grupa:2
424,25,12:00,14:00,"Negru M ",IA[sapt8-14],"Sala L.218",Par,Grupa:1
425,25,14:00,16:00,"Muresan C",ProgLogica,"Sala 216",Par,none
426,25,8:00,10:00,"llie-Nemedi S",ProgrAvOb,"Sala L-204","Impar / Par",none
427,25,10:00,12:00,"Dascalescu C",ProgrAvOb,"Amf. Pompeiu (Et. 2)","Impar / Par",none
428,25,12:00,14:00,"Negru M",IA[sapt,"Sala 8-14]",Impar,none
429,25,18:00,20:00,"Cernat M",MetDezvSoft,"Sala L-308","Impar / Par",none
430,25,10:00,12:00,"Dinu L",ReteleCalc,"Amf. Hater (Et. 0)","Impar / Par",none
431,25,14:00,16:00,"Barbalau A","IA [sapt 1-7]","Sala L.310","Impar / Par",Grupa:1
432,25,12:00,14:00,"Barbalau A","IA [sapt 1-7]","Sala L.310","Impar / Par",Grupa:2
433,25,14:00,16:00,"Vasile SL",BD,"Sala L-204","Impar / Par",Grupa:2
434,26,14:00,16:00,"Predut SN",BD,"Amf. Pompeiu (Et. 2)","Impar / Par",none
435,26,16:00,18:00,"Muresan C",ProgLogica,"Amf. Pompeiu (Et. 2)","Impar / Par",none
436,26,18:00,20:00,"Cernat M",MetDezvSoft,"Sala L-303","Impar / Par",none
437,26,10:00,12:00,"Negru M ",IA[sapt8-14],"Sala L.218",Impar,Grupa:2
438,26,10:00,12:00,"Burduja M",IA[sapt1-7],"Sala L-204",Par,none
439,26,10:00,12:00,"Negru M ",IA[sapt8-14],"Sala L.218",Par,Grupa:2
440,26,8:00,10:00,"Negru M","IA [sapt 8-14]","Sala L.218","Impar / Par",Grupa:1
441,26,10:00,12:00,"Dragan M",ReteleCalc,"Sala L-204","Impar / Par",none
442,26,12:00,14:00,"lonescu R","IA [sapt 1-7]","Amf. Pompeiu (Et. 2)",Impar,none
443,26,14:00,16:00,"Negru M","IA [sapt 8-14]","Sala L-308",Impar,none
444,26,8:00,10:00,"Vasile SL",BD,"Sala 201(BD)","Impar / Par",Grupa:2
445,26,12:00,14:00,"Hristea F","IA [sapt 8-14]","Amf. Pompeiu (Et. 2)",Par,none
446,26,8:00,10:00,"Stefanescu A",MetDezvSoft,"Amf. Titeica (Et. 3)","Impar / Par",none
447,26,10:00,12:00,"Burduja M","IA [sapt 1-7]","Sala L.302A","Impar / Par",Grupa:2
448,26,10:00,12:00,"Dascalescu C",ProgrAvOb,"Amf. Pompeiu (Et. 2)","Impar / Par",none
449,26,12:00,14:00,"Turlea A",ProgLogica,"Sala 3",Impar,none
450,26,18:00,20:00,"Spilca L",ProgrAvOb,"Sala L-303","Impar / Par",none
451,26,12:00,14:00,"Turlea A ",ProgLogica,"Sala L.218",Par,Grupa:1
452,26,16:00,18:00,"Turlea A ",ProgLogica,"Sala L.302A",Par,Grupa:2
453,26,8:00,10:00,"Burduja M","IA [sapt 1-7]","Sala L.218","Impar / Par",Grupa:1
454,26,10:00,12:00,"Dinu L",ReteleCalc,"Amf. Hater (Et. 0)","Impar / Par",none
455,26,12:00,14:00,"Vasile SL",BD,"Sala L-308","Impar / Par",Grupa:1
456,27,14:00,16:00,"Predut SN",BD,"Amf. Pompeiu (Et. 2)","Impar / Par",none
457,27,16:00,18:00,"Muresan C",ProgLogica,"Amf. Pompeiu (Et. 2)","Impar / Par",none
458,27,18:00,20:00,"Dragan M",ReteleCalc,"Sala L-204","Impar / Par",none
459,27,12:00,14:00,"Gaman M","IA [sapt 1-7]","Sala L.310","Impar / Par",Grupa:2
460,27,12:00,14:00,"lonescu R","IA [sapt 1-7]","Amf. Pompeiu (Et. 2)",Impar,none
461,27,16:00,18:00,"Turlea A ",ProgLogica,"Sala L.218",Impar,none
462,27,12:00,14:00,"Hristea F","IA [sapt 8-14]","Amf. Pompeiu (Et. 2)",Par,none
463,27,14:00,16:00,"Turlea A",ProgLogica,"Sala 3",Par,none
464,27,8:00,10:00,"Stefanescu A",MetDezvSoft,"Amf. Titeica (Et. 3)","Impar / Par",none
465,27,12:00,14:00,"Predut SN",BD,"Sala L.221A","Impar / Par",Grupa:1
466,27,10:00,12:00,"Predut SN",BD,"Sala L.221A","Impar / Par",Grupa:2
467,27,8:00,10:00,"llinca D",MetDezvSoft,"Sala L-322","Impar / Par",none
468,27,10:00,12:00,"Dascalescu C",ProgrAvOb,"Amf. Pompeiu (Et. 2)","Impar / Par",none
469,27,12:00,14:00,"Gaman M","IA [sapt 1-7]","Sala L-309",Impar,none
470,27,14:00,16:00,"Negru M","IA [sapt 8-14]","Sala L-308",Impar,none
471,27,16:00,18:00,"Turlea A ",ProgLogica,"Sala L.302A",Impar,Grupa:2
472,27,8:00,10:00,"Badea C",ProgrAvOb,"Sala L-303","Impar / Par",none
473,27,10:00,12:00,"Dinu L",ReteleCalc,"Amf. Hater (Et. 0)","Impar / Par",none
474,27,12:00,14:00,"Negru M","IA [sapt 8-14]","Sala L.218","Impar / Par",Grupa:1
475,27,12:00,14:00,"Gaman M","IA [sapt 1-7]","Sala L-309","Impar / Par",Grupa:1
476,27,14:00,16:00,"Negru M","IA [sapt 8-14]","Sala L.218","Impar / Par",Grupa:2
477,28,8:00,10:00,"Negru M","IA [sapt 8-14]","Sala L.218","Impar / Par",Grupa:1
478,28,14:00,16:00,"Predut SN",BD,"Amf. Pompeiu (Et. 2)","Impar / Par",none
479,28,16:00,18:00,"Muresan C",ProgLogica,"Amf. Pompeiu (Et. 2)","Impar / Par",none
480,28,12:00,14:00,"Negru M","IA [sapt 8-14]","Sala L.218","Impar / Par",Grupa:2
481,28,18:00,20:00,"Soviany P","IA [sapt 1-7]","Sala L-322",Par,none
482,28,10:00,12:00,"Turlea A ",ProgLogica,"Sala L.221A",Impar,Grupa:1
483,28,12:00,14:00,"lonescu R","IA [sapt 1-7]","Amf. Pompeiu (Et. 2)",Impar,none
484,28,14:00,16:00,"Turlea A",ProgLogica,"Sala 3",Impar,none
485,28,16:00,18:00,"Negru M","IA [sapt 8-14]","Sala L-308",Impar,none
486,28,12:00,14:00,"Hristea F","IA [sapt 8-14]","Amf. Pompeiu (Et. 2)",Par,none
487,28,10:00,12:00,"Turlea A ",ProgLogica,"Sala L.221A",Par,Grupa:2
488,28,8:00,10:00,"Stefanescu A",MetDezvSoft,"Amf. Titeica (Et. 3)","Impar / Par",none
489,28,10:00,12:00,"llinca D",MetDezvSoft,"Sala L-321","Impar / Par",none
490,28,14:00,16:00,"Predut SN",BD,"Sala L.221A","Impar / Par",Grupa:1
491,28,10:00,12:00,"Dascalescu C",ProgrAvOb,"Amf. Pompeiu (Et. 2)","Impar / Par",none
492,28,14:00,16:00,"Dragan M",ReteleCalc,"Sala L-204","Impar / Par",none
493,28,16:00,18:00,"Soviany P","IA [sapt 1-7]","Sala L.121D","Impar / Par",Grupa:1
494,28,16:00,18:00,"Predut SN",BD,"Sala L.221A","Impar / Par",Grupa:2
495,28,18:00,20:00,"Soviany P","IA [sapt 1-7]","Sala L.221C","Impar / Par",Grupa:2
496,28,8:00,10:00,"Chitu M",ProgrAvOb,"Sala L-204","Impar / Par",none
497,28,10:00,12:00,"Dinu L",ReteleCalc,"Amf. Hater (Et. 0)","Impar / Par",none
498,29,10:00,12:00,"Dragan M",FunRutariiRet,"Amf. Pompeiu (Et. 2)","Impar / Par",none
499,29,12:00,14:00,"Dragan M",FunRutariiRet,"Sala L-204","Impar / Par",none
500,29,8:00,10:00,"Cornea C",ManagDezvCarierei,"Sala 10",Impar,none
501,29,12:00,14:00,"Cojocea S",Prob&Stat,"Sala L-308","Impar / Par",none
502,29,9:00,12:00,"Dascalescu C",ElemAvProgr,"Amf. Hater (Et. 0)","Impar / Par",none
503,29,12:00,14:00,"Paus V",ManagDezvCarierei,"Amf. Hater (Et. 0)","Impar / Par",none
504,29,14:00,16:00,"Teodorescu S",ElemAvProgr,"Sala L-322","Impar / Par",none
505,29,16:00,18:00,"Teodorescu S",ElemAvProgr,"Sala L-322",Impar,none
506,29,8:00,10:00,"Niculae C / Chirosca",AElectrDigit,Fac.Fizica-Magurele,"Impar / Par",none
507,29,10:00,12:00,"Nemnes A / Chirosca",GCalcNumerice,Fac.Fizica-Magurele,"Impar / Par",none
508,29,12:00,14:00,"Niculae C",ElectrDigit,Fac.Fizica-Magurele,"Impar / Par",none
509,29,14:00,16:00,"Nemnes A",CalcNumerice,Fac.Fizica-Magurele,"Impar / Par",none
510,29,12:00,14:00,"Patriche M",Prob&Stat,"Amf. Hater (Et. 0)","Impar / Par",none
511,29,16:00,18:00,"Patriche M",Prob&Stat,"Sala 12",Impar,none
512,30,8:00,10:00,"Dragan M",FunRutariiRet,"Sala L-204","Impar / Par",none
513,30,10:00,12:00,"Dragan M",FunRutariiRet,"Amf. Pompeiu (Et. 2)","Impar / Par",none
514,30,10:00,12:00,"Cojocea S",Prob&Stat,"Sala L-308","Impar / Par",none
515,30,14:00,16:00,"Teodorescu S",ElemAvProgr,"Sala L-303","Impar / Par",none
516,30,8:00,10:00,"Cornea C",ManagDezvCarierei,"Sala 10",Par,none
517,30,16:00,18:00,"Teodorescu S",ElemAvProgr,"Sala L-308",Par,none
518,30,9:00,12:00,"Dascalescu C",ElemAvProgr,"Amf. Hater (Et. 0)","Impar / Par",none
519,30,12:00,14:00,"Paus V",ManagDezvCarierei,"Amf. Hater (Et. 0)","Impar / Par",none
520,30,8:00,10:00,"Nemnes A / Chirosca",GCalcNumerice,Fac.Fizica-Magurele,"Impar / Par",none
521,30,10:00,12:00,"Niculae C / Chirosca",AElectrDigit,Fac.Fizica-Magurele,"Impar / Par",none
522,30,12:00,14:00,"Niculae C",ElectrDigit,Fac.Fizica-Magurele,"Impar / Par",none
523,30,14:00,16:00,"Nemnes A",CalcNumerice,Fac.Fizica-Magurele,"Impar / Par",none
524,30,12:00,14:00,"Patriche M",Prob&Stat,"Amf. Hater (Et. 0)","Impar / Par",none
525,30,14:00,16:00,"Patriche M",Prob&Stat,"Sala 12",Par,none
526,31,10:00,12:00,"Dragan M",FunRutariiRet,"Amf. Pompeiu (Et. 2)","Impar / Par",none
527,31,8:00,10:00,"Cornea C",ManagDezvCarierei,"Sala 10",Par,none
528,31,8:00,10:00,"Dragan M",FunRutariiRet,"Sala L-204","Impar / Par",none
529,31,9:00,12:00,"Dascalescu C",ElemAvProgr,"Amf. Hater (Et. 0)","Impar / Par",none
530,31,12:00,14:00,"Paus V",ManagDezvCarierei,"Amf. Hater (Et. 0)","Impar / Par",none
531,31,14:00,16:00,"Pantelimon K",ElemAvProgr,"Sala L-309","Impar / Par",none
532,31,16:00,18:00,"Pantelimon K",ElemAvProgr,"Sala L-322",Par,none
533,31,12:00,14:00,"Niculae C",ElectrDigit,Fac.Fizica-Magurele,"Impar / Par",none
534,31,14:00,16:00,"Nemnes A",CalcNumerice,Fac.Fizica-Magurele,"Impar / Par",none
535,31,16:00,18:00,"Niculae C / Chirosca",AElectrDigit,Fac.Fizica-Magurele,"Impar / Par",none
536,31,18:00,20:00,"Nemnes A / Chirosca",GCalcNumerice,Fac.Fizica-Magurele,"Impar / Par",none
537,31,12:00,14:00,"Patriche M",Prob&Stat,"Amf. Hater (Et. 0)","Impar / Par",none
538,31,14:00,16:00,"Patriche M",Prob&Stat,"Sala 12",Impar,none
539,31,16:00,18:00,"Cojocea S",Prob&Stat,"Sala L-308","Impar / Par",none
540,32,8:00,10:00,"Cornea C",ManagDezvCarierei,"Sala 10",Impar,none
541,32,10:00,12:00,"Dragan M",FunRutariiRet,"Amf. Pompeiu (Et. 2)","Impar / Par",none
542,32,16:00,18:00,"Pantelimon K",ElemAvProgr,"Sala L-322",Impar,none
543,32,18:00,20:00,"Pantelimon K",ElemAvProgr,"Sala L-322","Impar / Par",none
544,32,9:00,12:00,"Dascalescu C",ElemAvProgr,"Amf. Hater (Et. 0)","Impar / Par",none
545,32,12:00,14:00,"Paus V",ManagDezvCarierei,"Amf. Hater (Et. 0)","Impar / Par",none
546,32,14:00,16:00,"Dragan M",FunRutariiRet,"Sala L-204","Impar / Par",none
547,32,12:00,14:00,"Niculae C",ElectrDigit,Fac.Fizica-Magurele,"Impar / Par",none
548,32,14:00,16:00,"Nemnes A",CalcNumerice,Fac.Fizica-Magurele,"Impar / Par",none
549,32,16:00,18:00,"Nemnes A / Chirosca",GCalcNumerice,Fac.Fizica-Magurele,"Impar / Par",none
550,32,18:00,20:00,"Niculae C / Chirosca",AElectrDigit,Fac.Fizica-Magurele,"Impar / Par",none
551,32,12:00,14:00,"Patriche M",Prob&Stat,"Amf. Hater (Et. 0)","Impar / Par",none
552,32,14:00,16:00,"Cojocea S",Prob&Stat,"Sala L-308","Impar / Par",none
553,32,16:00,18:00,"Patriche M",Prob&Stat,"Sala 12",Par,none
554,33,18:00,20:00,"Cristea S",ManagClsElevi,"Amf. Hater (Et. 0)","Impar / Par",none
555,33,18:00,20:00,"Dumitriu A","Intro loT","Amf. Titeica (Et. 3)","Impar / Par",none
556,33,16:00,18:00,"Constantin V",ManagClsElevi,"Sala 12","Impar / Par",Grupa:1
557,33,18:00,20:00,"Constantin V",ManagClsElevi,"Sala 12","Impar / Par",Grupa:2
558,34,11:00,14:00,"Oprea T","Geometrie II","Sala 216","Impar / Par",none
559,34,14:00,16:00,"Marin Li",ElemCalcStiin,"Amf. R1 (Et. 1, Fac. Chimie)","Impar / Par",none
560,34,16:00,18:00,"Vuletescu V","Geometrie II","Amf. R1 (Et. 1, Fac. Chimie)","Impar / Par",none
561,34,10:00,12:00,"Halanay A",ElemCalcStiin,"Sala L-309","Impar / Par",none
562,34,12:00,15:00,"Munteanu R","AnalizaMate II","Sala 12","Impar / Par",none
563,34,9:00,12:00,"Munteanu R","AnalizaMate II","Amf. R1 (Et. 1, Fac. Chimie)","Impar / Par",none
564,34,12:00,14:00,"Dragomir A",LogicaMatem,"Sala 215(Alg)",Par,none
565,34,11:00,14:00,"Stanciu M","Algebra Il","Sala 120","Impar / Par",none
566,34,14:00,16:00,"Leustean L",LogicaMatem,"Amf. R1 (Et. 1, Fac. Chimie)","Impar / Par",none
567,34,14:00,16:00,"Dascalescu S","Algebra Il","Amf. R1 (Et. 1, Fac. Chimie)","Impar / Par",none
568,35,9:00,12:00,"Popescu RC",Grup&Comb,"Sala 120","Impar / Par",none
569,35,16:00,19:00,"Sfetcu R",ComplAnMate,"Sala 1","Impar / Par",none
570,35,9:00,12:00,"Gherghe C","Cript& TeorCod","Sala 215(Alg)","Impar / Par",none
571,35,14:00,17:00,"Pripoae G",ConcAlgebrinGeom,"Sala 215(Alg)","Impar / Par",none
572,36,8:00,10:00,"Stamate D",ElemAlgebrModerna,"Sala 120","Impar / Par",none
573,36,10:00,12:00,"Stamate D",ElemAlgebrModerna,"Sala 120","Impar / Par",none
574,36,12:00,14:00,"Teleman AM",ComplemGeom,"Sala 0","Impar / Par",none
575,36,14:00,16:00,"Teleman AM",ComplemGeom,"Sala 2","Impar / Par",none
576,36,10:00,12:00,"Pambuccian V",Astronomie,"Sala 220","Impar / Par",none
577,36,12:00,14:00,"Pambuccian V",Astronomie,"Sala 220","Impar / Par",none
578,37,9:00,12:00,"Popescu RC",Grup&Comb,"Sala 120","Impar / Par",none
579,37,16:00,19:00,"Sfetcu R",ComplAnMate,"Sala 1","Impar / Par",none
580,37,9:00,12:00,"Gherghe C","Cript& TeorCod","Sala 215(Alg)","Impar / Par",none
581,37,14:00,17:00,"Pripoae G",ConcAlgebrinGeom,"Sala 215(Alg)","Impar / Par",none
582,38,16:00,18:00,"Dragan M",ReteleCalc,"Sala L-204","Impar / Par",none
583,38,14:00,16:00,"Teianu M","IA [sapt 1-7]","Sala 201(BD)",Par,none
584,38,12:00,14:00,"lonescu R","IA [sapt 1-7]","Amf. Pompeiu (Et. 2)",Impar,none
585,38,14:00,16:00,"Mincu G",TeorNrAp!Cripto,"Sala 220","Impar / Par",none
586,38,16:00,18:00,"Dragomir A",ProgLogica,"Sala 216",Impar,none
587,38,18:00,20:00,"Mincu G",TeorNrAp!Cripto,"Sala 219",Impar,none
588,38,12:00,14:00,"Hristea F","IA [sapt 8-14]","Amf. Pompeiu (Et. 2)",Par,none
589,38,10:00,12:00,"Dragomir A",ProgLogica,"Sala L-308",Par,none
590,38,12:00,14:00,"Ciocan I",IA[sapt,"Sala 8-14]",Impar,none
591,38,12:00,14:00,"Teianu M","IA [sapt 1-7]","Sala 201(BD)",Par,none
592,38,14:00,16:00,"Ciocan I","IA [sapt 8-14]","Sala L-308",Par,none
593,38,8:00,10:00,"Dinu L",ReteleCalc,"Amf. Pompeiu (Et. 2)","Impar / Par",none
594,38,10:00,12:00,"Leustean I",ProgLogica,"Amf. Pompeiu (Et. 2)","Impar / Par",none
595,39,12:00,14:00,"lonescu R","IA [sapt 1-7]","Amf. Pompeiu (Et. 2)",Impar,none
596,39,14:00,16:00,"Mincu G",TeorNrAp!Cripto,"Sala 220","Impar / Par",none
597,39,16:00,18:00,"Georgescu I","IA [sapt 1-7]","Sala 201(BD)","Impar / Par",none
598,39,18:00,20:00,"Mincu G",TeorNrAp!Cripto,"Sala 219",Impar,none
599,39,12:00,14:00,"Hristea F","IA [sapt 8-14]","Amf. Pompeiu (Et. 2)",Par,none
600,39,10:00,12:00,"Dragomir A",ProgLogica,"Sala L-308",Impar,none
601,39,12:00,14:00,"Dragan M",ReteleCalc,"Sala L-204","Impar / Par",none
602,39,10:00,12:00,"Georgescu I","IA [sapt 1-7]","Sala L-322",Par,none
603,39,14:00,16:00,"Dragomir A",ProgLogica,"Sala 215(Alg)",Par,none
604,39,14:00,16:00,"Ciocan I","IA [sapt 8-14]","Sala L-303",Impar,none
605,39,16:00,18:00,"Ciocan I","IA [sapt 8-14]","Sala 201(BD)","Impar / Par",none
606,39,8:00,10:00,"Dinu L",ReteleCalc,"Amf. Pompeiu (Et. 2)","Impar / Par",none
607,39,10:00,12:00,"Leustean I",ProgLogica,"Amf. Pompeiu (Et. 2)","Impar / Par",none
608,40,11:00,14:00,"Iftimie B",MatemFin&PtAsig,"Sala 220","Impar / Par",none
609,40,14:00,16:00,"Amarioarei A",ModeleRegresie,"Sala 202","Impar / Par",none
610,40,16:00,18:00,"Amarioarei A ",ModeleRegresie,"Sala 201(BD)",Impar,Grupa:1
611,40,16:00,18:00,"Amarioarei A ",ModeleRegresie,"Sala 201(BD)",Par,Grupa:2
612,40,14:00,17:00,"Preda V",ModMarkov&AplSim,"Sala 220","Impar / Par",none
613,41,10:00,12:00,"Munteanu I",AnNumerica,"Sala 202","Impar / Par",none
614,41,12:00,14:00,"Munteanu I",AnNumerica,"Sala L-309","Impar / Par",none
615,41,14:00,16:00,"Cazacu C",EcDerivPart,"Sala eg","Impar / Par",none
616,41,16:00,18:00,"Cazacu C",EcDerivPart,"Sala fae","Impar / Par",none
617,41,10:00,12:00,"Pambuccian V",Astronomie,"Sala 220","Impar / Par",none
618,41,12:00,14:00,"Pambuccian V",Astronomie,"Sala 220","Impar / Par",none
619,42,10:00,12:00,"Munteanu I",AnNumerica,"Sala 202","Impar / Par",none
620,42,14:00,16:00,"Cazacu C",EcDerivPart,"Sala eg","Impar / Par",none
621,42,16:00,18:00,"Cazacu C",EcDerivPart,"Sala fae","Impar / Par",none
622,42,8:00,10:00,"Munteanu I",AnNumerica,"Sala L-322","Impar / Par",none
623,42,10:00,12:00,"Pambuccian V",Astronomie,"Sala 220","Impar / Par",none
624,42,12:00,14:00,"Pambuccian V",Astronomie,"Sala 220","Impar / Par",none
625,43,8:00,10:00,"Popescu S ",IntrProiectJoc,"Sala L-303",Impar,Grupa:1
626,43,10:00,12:00,"Popescu S",IntrProiectUoc,"Sala 202","Impar / Par",none
627,43,16:00,18:00,"Panait A ",Blockchain,"Sala L-308",Impar,Grupa:1
628,43,18:00,20:00,"Kevorchian C",Blockchain,"Amf. Stoilow (Et. 1)","Impar / Par",none
629,43,8:00,10:00,"Popescu S ",IntrProiectJoc,"Sala L-303",Par,Grupa:2
630,43,16:00,18:00,"Panait A ",Blockchain,"Sala L-308",Par,Grupa:2
631,44,10:00,12:00,"Dragan M",FunRutariiRet,"Amf. Pompeiu (Et. 2)","Impar / Par",none
632,44,9:00,12:00,"Dinu L",IntrPrelLbNat,"Sala 215(Alg)","Impar / Par",none
633,44,14:00,16:00,"Dragan M",FunRutariiRet,"Sala L-204","Impar / Par",none
634,44,16:00,18:00,industrie,InvRetNeurAdan,"Amf. Stoilow (Et. 1)","Impar / Par",none
635,44,18:00,20:00,industrie,InvRetNeurAdan,"Sala L-308",Impar,none
636,45,12:00,14:00,"Halanay A",ElemCalcStiin,"Sala L-303","Impar / Par",none
637,45,14:00,16:00,"Marin Li",ElemCalcStiin,"Amf. R1 (Et. 1, Fac. Chimie)","Impar / Par",none
638,45,16:00,18:00,"Vuletescu V","Geometrie II","Amf. R1 (Et. 1, Fac. Chimie)","Impar / Par",none
639,45,9:00,12:00,"Munteanu R","AnalizaMate II","Amf. R1 (Et. 1, Fac. Chimie)","Impar / Par",none
640,45,12:00,15:00,"Vladoiu S","AnalizaMate II","Sala 12","Impar / Par",none
641,45,11:00,14:00,"Anghel C","Algebra II","Sala 10","Impar / Par",none
642,45,14:00,16:00,"Leustean L",LogicaMatem,"Amf. R1 (Et. 1, Fac. Chimie)","Impar / Par",none
643,45,16:00,18:00,"Dragomir A",LogicaMatem,"Sala 216",Par,none
644,45,11:00,14:00,"Stanciu M","Geometrie II","Sala 120","Impar / Par",none
645,45,14:00,16:00,"Dascalescu S","Algebra Il","Amf. R1 (Et. 1, Fac. Chimie)","Impar / Par",none
646,46,16:00,18:00,"Predut SN",TestSistSoft,"Sala L-309","Impar / Par",none
647,46,10:00,12:00,"Stupariu S",TehProgApIGrafice,"Sala 5","Impar / Par",none
648,46,14:00,17:00,industrie,"ProgrDisp Android","Sala L-303","Impar / Par",Grupa:1
649,46,17:00,20:00,"industrie a",ProgrDispiOS,"Sala L305","Impar / Par",none
650,46,17:00,20:00,industri,"ie "BrogrDisp Android","Sala L-303","Impar / Par",Grupa:2
651,46,12:00,14:00,"Stupariu S",TehProgAplGrafice,"Sala L-308",Par,none
652,46,17:00,20:00,"industrie .",InvAutInArtViz,"Sala L310","Impar / Par",none
653,46,12:00,14:00,"Predut SN",TestSistSoft,"Sala 202","Impar / Par",none
654,47,10:00,12:00,"Suter F",TehSimulare,"Amf. Titeica (Et. 3)","Impar / Par",none
655,47,12:00,14:00,"Patriche M",TehOptimizare,"Amf. Stoilow (Et. 1)","Impar / Par",none
656,47,16:00,18:00,"Patriche M",TehOptimizare,"Sala L-322",Par,none
657,47,12:00,14:00,"Olimid R",Cript&Securitate,"Amf. Stoilow (Et. 1)","Impar / Par",none
658,47,14:00,16:00,"Georgescu Gi",TehCompilare,"Amf. Stoilow (Et. 1)","Impar / Par",none
659,47,18:00,20:00,"Cojocea S",TehSimulare,"Sala L-204","Impar / Par",none
660,47,12:00,14:00,"Paduraru M",IngineriaProg,"Sala L-303","Impar / Par",none
661,47,14:00,16:00,"Olimid R ",Cript&Securitate,"Sala L.302A",Impar,Grupa:1
662,47,12:00,14:00,"Olimid R",Cript&Securitate,"Sala 1",Par,none
663,47,16:00,18:00,"Georgescu Gi",TehCompilare,"Sala 3",Par,none
664,47,14:00,16:00,"Olimid R ",Cript&Securitate,"Sala L.302A",Par,Grupa:2
665,47,14:00,16:00,"Georgescu Gi ",TehCompilare,"Sala L.221A",Impar,Grupa:1
666,47,16:00,18:00,"Paduraru C",IngineriaProg,"Amf. Titeica (Et. 3)","Impar / Par",none
667,47,18:00,20:00,"Paduraru C",IngineriaProg,"Amf. Titeica (Et. 3)","Impar / Par",none
668,47,12:00,14:00,"Georgescu Gi ",TehCompilare,"Sala L.121D",Impar,Grupa:2
669,48,10:00,12:00,"Suter F",TehSimulare,"Amf. Titeica (Et. 3)","Impar / Par",none
670,48,12:00,14:00,"Patriche M",TehOptimizare,"Amf. Stoilow (Et. 1)","Impar / Par",none
671,48,16:00,18:00,"Patriche M",TehOptimizare,"Sala L-322",Impar,none
672,48,18:00,20:00,"Dragulici D ",TehCompilare,"Sala L.302A",Impar,Grupa:1
673,48,12:00,14:00,"Olimid R",Cript&Securitate,"Amf. Stoilow (Et. 1)","Impar / Par",none
674,48,14:00,16:00,"Georgescu Gi",TehCompilare,"Amf. Stoilow (Et. 1)","Impar / Par",none
675,48,16:00,18:00,"Georgescu Gi",TehCompilare,"Sala 8",Impar,none
676,48,18:00,20:00,"Teseleanu G ",Cript&Securitate,"Sala L.302A",Impar,Grupa:1
677,48,10:00,12:00,"Olimid R",Cript&Securitate,"Sala 8",Par,none
678,48,16:00,18:00,"Teseleanu G ",Cript&Securitate,"Sala L.302A",Par,Grupa:2
679,48,10:00,12:00,"llinca D",IngineriaProg,"Sala L-321","Impar / Par",none
680,48,12:00,14:00,"Cojocea S",TehSimulare,"Sala L-308","Impar / Par",none
681,48,14:00,16:00,"ae Sony",Gr2_,"Sala L.121D",Par,none
682,48,16:00,18:00,"Paduraru C",IngineriaProg,"Amf. Titeica (Et. 3)","Impar / Par",none
683,48,18:00,20:00,"Paduraru C",IngineriaProg,"Amf. Titeica (Et. 3)","Impar / Par",none
684,49,10:00,12:00,"Suter F",TehSimulare,"Amf. Titeica (Et. 3)","Impar / Par",none
685,49,12:00,14:00,"Patriche M",TehOptimizare,"Amf. Stoilow (Et. 1)","Impar / Par",none
686,49,14:00,16:00,"Patriche M",TehOptimizare,"Sala L-322",Impar,none
687,49,16:00,18:00,"Teseleanu G ",Cript&Securitate,"Sala L.221A",Impar,Grupa:2
688,49,16:00,18:00,"Teseleanu G ",Cript&Securitate,"Sala L.221A",Par,Grupa:1
689,49,18:00,20:00,"Dragulici D ",TehCompilare,"Sala L.302A",Par,Grupa:1
690,49,10:00,12:00,"Olimid R",Cript&Securitate,"Sala 8",Impar,none
691,49,12:00,14:00,"Olimid R",Cript&Securitate,"Amf. Stoilow (Et. 1)","Impar / Par",none
692,49,14:00,16:00,"Georgescu Gi",TehCompilare,"Amf. Stoilow (Et. 1)","Impar / Par",none
693,49,16:00,18:00,"Cojocea S",TehSimulare,"Sala L-204","Impar / Par",none
694,49,16:00,18:00,"Dragulici D ",TehCompilare,"Sala L.121D",Impar,Grupa:2
695,49,16:00,18:00,"Georgescu Gi",TehCompilare,"Sala S",Impar,none
696,49,18:00,20:00,"Alexandru C",IngineriaProg,"Sala 202","Impar / Par",none
697,49,16:00,18:00,"Paduraru C",IngineriaProg,"Amf. Titeica (Et. 3)","Impar / Par",none
698,49,18:00,20:00,"Paduraru C",IngineriaProg,"Amf. Titeica (Et. 3)","Impar / Par",none
699,50,10:00,12:00,"Suter F",TehSimulare,"Amf. Titeica (Et. 3)","Impar / Par",none
700,50,12:00,14:00,"Patriche M",TehOptimizare,"Amf. Stoilow (Et. 1)","Impar / Par",none
701,50,14:00,16:00,"Patriche M",TehOptimizare,"Sala L-322",Par,none
702,50,12:00,14:00,"Olimid R",Cript&Securitate,"Amf. Stoilow (Et. 1)","Impar / Par",none
703,50,14:00,16:00,"Georgescu Gi",TehCompilare,"Amf. Stoilow (Et. 1)","Impar / Par",none
704,50,16:00,18:00,"Teseleanu G ",Cript&Securitate,"Sala L.121D",Impar,Grupa:1
705,50,16:00,18:00,"Georgescu Gi",TehCompilare,"Sala 8",Par,none
706,50,18:00,20:00,"Teseleanu G ",Cript&Securitate,"Sala L.302A",Par,Grupa:2
707,50,12:00,14:00,"llinca D",IngineriaProg,"Sala L-321","Impar / Par",none
708,50,16:00,18:00,"Dragulici D ",TehCompilare,"Sala L.121D",Par,Grupa:1
709,50,10:00,12:00,"Cojocea S",TehSimulare,"Sala L-308","Impar / Par",none
710,50,12:00,14:00,"Olimid R",Cript&Securitate,"Sala 1",Impar,none
711,50,14:00,16:00,"Dragulici D",TehCompilare,"Sala L.121D",Impar,none
712,50,16:00,18:00,"Paduraru C",IngineriaProg,"Amf. Titeica (Et. 3)","Impar / Par",none
713,50,18:00,20:00,"Paduraru C",IngineriaProg,"Amf. Titeica (Et. 3)","Impar / Par",none
714,51,10:00,12:00,"Suter F",TehSimulare,"Amf. Titeica (Et. 3)","Impar / Par",none
715,51,12:00,14:00,"Dragulici D ",TehCompilare,"Sala L.121D",Impar,Grupa:1
716,51,12:00,14:00,"Patrascu A",TehOptimizare,"Sala L-322",Par,none
717,51,10:00,12:00,"Suter F",TehSimulare,"Sala L-303","Impar / Par",none
718,51,12:00,14:00,"Patrascu A",TehOptimizare,"Amf. Hater (Et. 0)","Impar / Par",none
719,51,14:00,16:00,"Dragulici D",TehCompilare,"Sala L.121D",Par,none
720,51,10:00,12:00,"Paduraru M",IngineriaProg,"Sala L-303","Impar / Par",none
721,51,12:00,14:00,"Georgescu Gi",TehCompilare,"Sala 5",Impar,none
722,51,14:00,16:00,"Georgescu Gi",TehCompilare,"Amf. Titeica (Et. 3)","Impar / Par",none
723,51,16:00,18:00,"Olimid R",Cript&Securitate,"Amf. Titeica (Et. 3)","Impar / Par",none
724,51,18:00,20:00,"Maimut D",Cript&Securitate,"Sala 3",Impar,none
725,51,18:00,20:00,"Obretin C ",Cript&Securitate,"Sala L.218",Par,Grupa:2
726,51,12:00,14:00,"Paduraru C",IngineriaProg,"Amf. Titeica (Et. 3)","Impar / Par",none
727,51,14:00,16:00,"Paduraru C",IngineriaProg,"Amf. Titeica (Et. 3)","Impar / Par",none
728,51,18:00,20:00,"Obretin C ",Cript&Securitate,"Sala L.218",Impar,Grupa:1
729,52,10:00,12:00,"Suter F",TehSimulare,"Amf. Titeica (Et. 3)","Impar / Par",none
730,52,12:00,14:00,"Suter F",TehSimulare,"Sala L.302A","Impar / Par",none
731,52,14:00,16:00,"Patrascu A",TehOptimizare,"Sala L-309",Par,none
732,52,12:00,14:00,"Patrascu A",TehOptimizare,"Amf. Hater (Et. 0)","Impar / Par",none
733,52,14:00,16:00,"Dragulici D ",TehCompilare,"Sala L.121D",Impar,Grupa:1
734,52,16:00,18:00,"gt ) ",TehCompilare,"Sala L.121D",Par,Grupa:2
735,52,8:00,10:00,"Paduraru M",IngineriaProg,"Sala 0","Impar / Par",none
736,52,14:00,16:00,"Georgescu Gi",TehCompilare,"Amf. Titeica (Et. 3)","Impar / Par",none
737,52,16:00,18:00,"Olimid R",Cript&Securitate,"Amf. Titeica (Et. 3)","Impar / Par",none
738,52,18:00,20:00,"Obretin C ",Cript&Securitate,"Sala L.218",Impar,Grupa:1
739,52,12:00,14:00,"-Georgescu Gi",TehCompilare,"Sala 3",Par,none
740,52,18:00,20:00,"Maimut D",Cript&Securitate,"Sala 3",Par,none
741,52,12:00,14:00,"Paduraru C",IngineriaProg,"Amf. Titeica (Et. 3)","Impar / Par",none
742,52,14:00,16:00,"Paduraru C",IngineriaProg,"Amf. Titeica (Et. 3)","Impar / Par",none
743,52,18:00,20:00,"Obretin C ",Cript&Securitate,"Sala L.218",Par,Grupa:2
744,53,10:00,12:00,"Suter F",TehSimulare,"Amf. Titeica (Et. 3)","Impar / Par",none
745,53,12:00,14:00,"Ghimis B",TehCompilare,"Sala 10",Impar,none
746,53,14:00,16:00,"Patrascu A",TehOptimizare,"Sala L-309",Impar,none
747,53,18:00,20:00,"Teseleanu G ",Cript&Securitate,"Sala L.221A",Impar,Grupa:1
748,53,14:00,16:00,"Ghimis B ",TehCompilare,"Sala L.310",Par,Grupa:1
749,53,16:00,18:00,"Ghimis B ",TehCompilare,"Sala L.310",Par,Grupa:2
750,53,18:00,20:00,"Teseleanu G ",Cript&Securitate,"Sala L.221A",Par,Grupa:2
751,53,8:00,10:00,"Suter F",TehSimulare,"Sala L-308","Impar / Par",none
752,53,12:00,14:00,"Patrascu A",TehOptimizare,"Amf. Hater (Et. 0)","Impar / Par",none
753,53,12:00,14:00,"Dobos I",Cript&Securitate,"Sala 12",Impar,none
754,53,14:00,16:00,"Georgescu Gi",TehCompilare,"Amf. Titeica (Et. 3)","Impar / Par",none
755,53,16:00,18:00,"Olimid R",Cript&Securitate,"Amf. Titeica (Et. 3)","Impar / Par",none
756,53,12:00,14:00,"Paduraru C",IngineriaProg,"Amf. Titeica (Et. 3)","Impar / Par",none
757,53,14:00,16:00,"Paduraru C",IngineriaProg,"Amf. Titeica (Et. 3)","Impar / Par",none
758,53,18:00,20:00,"Alexandru C",IngineriaProg,"Sala L-321","Impar / Par",none
759,54,8:00,10:00,"Suter F",TehSimulare,"Sala L-309","Impar / Par",none
760,54,10:00,12:00,"Suter F",TehSimulare,"Amf. Titeica (Et. 3)","Impar / Par",none
761,54,12:00,14:00,"Patrascu A",TehOptimizare,"Sala L-322",Impar,none
762,54,14:00,16:00,"Ghimis B ",TehCompilare,"Sala L.310",Impar,Grupa:1
763,54,16:00,18:00,"Ghimis B ",TehCompilare,"Sala L.310",Impar,Grupa:2
764,54,12:00,14:00,"Ghimis B",TehCompilare,"Sala 10",Par,none
765,54,12:00,14:00,"Patrascu A",TehOptimizare,"Amf. Hater (Et. 0)","Impar / Par",none
766,54,16:00,18:00,"Dobos I ",Cript&Securitate,"Sala L.302A",Impar,Grupa:1
767,54,18:00,20:00,"Alexandru C",IngineriaProg,"Sala L-321","Impar / Par",none
768,54,14:00,16:00,"Dobos I ",Cript&Securitate,"Sala L.302A",Impar,Grupa:2
769,54,14:00,16:00,"Georgescu Gi",TehCompilare,"Amf. Titeica (Et. 3)","Impar / Par",none
770,54,16:00,18:00,"Olimid R",Cript&Securitate,"Amf. Titeica (Et. 3)","Impar / Par",none
771,54,12:00,14:00,"Dobos I",Cript&Securitate,"Sala 12",Par,none
772,54,12:00,14:00,"Paduraru C",IngineriaProg,"Amf. Titeica (Et. 3)","Impar / Par",none
773,54,14:00,16:00,"Paduraru C",IngineriaProg,"Amf. Titeica (Et. 3)","Impar / Par",none
774,55,12:00,14:00,"Cojocaru C",ManagOperat,"Amf. Stoilow (Et. 1)","Impar / Par",none
775,55,16:00,18:00,"Minciuna I ",ManagOperat,"Sala 5",Impar,Grupa:1
776,55,18:00,20:00,"Minciuna I ",ManagOperat,"Sala 5",Impar,Grupa:2
777,55,10:00,12:00,"Mazilescu R",Marketing,"Amf. Titeica (Et. 3)","Impar / Par",none
778,55,12:00,14:00,"Mazilescu R ",Marketing,"Sala 3",Impar,Grupa:1
779,55,12:00,14:00,"Mazilescu R ",Marketing,"Sala 3",Par,Grupa:2
780,56,14:00,16:00,"Marin Li",ElemCalcStiin,"Amf. R1 (Et. 1, Fac. Chimie)","Impar / Par",none
781,56,16:00,18:00,"Vuletescu V","Geometrie II","Amf. R1 (Et. 1, Fac. Chimie)","Impar / Par",none
782,56,15:00,18:00,"Deaconu S",Algebra,"Sala Il","Impar / Par",none
783,56,18:00,20:00,"Dragomir A",LogicaMatem,"Sala 216",Par,none
784,56,9:00,12:00,"Munteanu R","AnalizaMate II","Amf. R1 (Et. 1, Fac. Chimie)","Impar / Par",none
785,56,12:00,14:00,"Bucataru M",ElemCalcStiin,"Sala L-309","Impar / Par",none
786,56,11:00,14:00,"Ghisoiu V",Geometrie,"Sala II","Impar / Par",none
787,56,14:00,16:00,"Leustean L",LogicaMatem,"Amf. R1 (Et. 1, Fac. Chimie)","Impar / Par",none
788,56,14:00,16:00,"Dascalescu S","Algebra Il","Amf. R1 (Et. 1, Fac. Chimie)","Impar / Par",none
789,56,16:00,19:00,"Sfetcu R","AnalizaMate II","Sala 10","Impar / Par",none
790,57,10:00,12:00,"Boriga R",Cript&Securitate,"Amf. Pompeiu (Et. 2)","Impar / Par",none
791,57,14:00,16:00,"lonescu R",ProgPeDispMob,"Amf. Stoilow (Et. 1)","Impar / Par",none
792,57,12:00,14:00,industrie,ProgPeDispMob,"Sala L.305","Impar / Par",Grupa:1
793,57,16:00,18:00,"Maimut D",Cript&Securitate,"Sala L-303","Impar / Par",none
794,57,18:00,20:00,industrie,ProgPeDispMob,"Sala L.305","Impar / Par",Grupa:2
795,58,10:00,12:00,"Mincu R",GraficaPeCalc,"Sala L-308","Impar / Par",none
796,58,12:00,14:00,"Diaconu Al",GraficaPeCalc,"Sala 8",Impar,none
797,58,8:00,10:00,"351 - none",ArhitSistPar,Fac.Fizica-Magurele,"Impar / Par",none
798,58,10:00,12:00,"351 - none",SistCuMicroproc,Fac.Fizica-Magurele,"Impar / Par",none
799,58,12:00,14:00,"lon L",ArhitSistPar,Fac.Fizica-Magurele,"Impar / Par",none
800,58,14:00,16:00,"Radu A",SistCuMicroproc,Fac.Fizica-Magurele,"Impar / Par",none
801,58,8:00,10:00,"Ivana IA",MetDezvSoft,"Sala L-321","Impar / Par",none
802,58,10:00,12:00,"Stupariu S",GraficaPeCalc,"Amf. Stoilow (Et. 1)","Impar / Par",none
803,58,8:00,10:00,"Ivana IA",MetDezvSoft,"Sala L-321","Impar / Par",none
804,58,17:00,20:00,"Kevorchian C",MetDezvSoft,"Amf. Hater (Et. 0)","Impar / Par",none
805,59,8:00,10:00,"Mincu R",GraficaPeCalc,"Sala L-308","Impar / Par",none
806,59,10:00,12:00,"Diaconu Al",GraficaPeCalc,"Sala 3",Par,none
807,59,8:00,10:00,"352 - none",SistCuMicroproc,Fac.Fizica-Magurele,"Impar / Par",none
808,59,10:00,12:00,"352 - none",ArhitSistPar,Fac.Fizica-Magurele,"Impar / Par",none
809,59,12:00,14:00,"lon L",ArhitSistPar,Fac.Fizica-Magurele,"Impar / Par",none
810,59,14:00,16:00,"Radu A",SistCuMicroproc,Fac.Fizica-Magurele,"Impar / Par",none
811,59,18:00,20:00,"Cernat M",MetDezvSoft,"Sala L-321","Impar / Par",none
812,59,10:00,12:00,"Stupariu S",GraficaPeCalc,"Amf. Stoilow (Et. 1)","Impar / Par",none
813,59,18:00,20:00,"Kevorchian C",MetDezvSoft,"Sala L-321","Impar / Par",none
814,59,17:00,20:00,"Kevorchian C",MetDezvSoft,"Amf. Hater (Et. 0)","Impar / Par",none
815,60,10:00,12:00,"Diaconu Al",GraficaPeCalc,"Sala 3",Impar,none
816,60,12:00,14:00,"Mincu R",GraficaPeCalc,"Sala L-308","Impar / Par",none
817,60,14:00,16:00,"Diaconu Al",MetDezvSoft,"Sala L-321","Impar / Par",none
818,60,12:00,14:00,"lon L",ArhitSistPar,Fac.Fizica-Magurele,"Impar / Par",none
819,60,14:00,16:00,"Radu A",SistCuMicroproc,Fac.Fizica-Magurele,"Impar / Par",none
820,60,16:00,18:00,"353 - none",ArhitSistPar,Fac.Fizica-Magurele,"Impar / Par",none
821,60,18:00,20:00,"353 - none",SistCuMicroproc,Fac.Fizica-Magurele,"Impar / Par",none
822,60,14:00,16:00,"Diaconu Al",MetDezvSoft,"Sala L-321","Impar / Par",none
823,60,10:00,12:00,"Stupariu S",GraficaPeCalc,"Amf. Stoilow (Et. 1)","Impar / Par",none
824,60,17:00,20:00,"Kevorchian C",MetDezvSoft,"Amf. Hater (Et. 0)","Impar / Par",none
825,61,16:00,18:00,"Diaconu Al",MetDezvSoft,"Sala L-321","Impar / Par",none
826,61,12:00,14:00,"Diaconu Al",GraficaPeCalc,"Sala 8",Par,none
827,61,12:00,14:00,"lon L",ArhitSistPar,Fac.Fizica-Magurele,"Impar / Par",none
828,61,14:00,16:00,"Radu A",SistCuMicroproc,Fac.Fizica-Magurele,"Impar / Par",none
829,61,16:00,18:00,"354 - none",SistCuMicroproc,Fac.Fizica-Magurele,"Impar / Par",none
830,61,18:00,20:00,"354 - none",ArhitSistPar,Fac.Fizica-Magurele,"Impar / Par",none
831,61,8:00,10:00,"Mincu R",GraficaPeCalc,"Sala L-308","Impar / Par",none
832,61,10:00,12:00,"Stupariu S",GraficaPeCalc,"Amf. Stoilow (Et. 1)","Impar / Par",none
833,61,12:00,14:00,"Diaconu Al",MetDezvSoft,"Sala L-321","Impar / Par",none
834,61,17:00,20:00,"Kevorchian C",MetDezvSoft,"Amf. Hater (Et. 0)","Impar / Par",none
835,62,12:00,14:00,"Cojocaru C",ManagOperat,"Amf. Stoilow (Et. 1)","Impar / Par",none
836,62,18:00,20:00,"Minciuna I",ManagOperat,"Sala 5",Par,none
837,62,10:00,12:00,"Mazilescu R",Marketing,"Amf. Titeica (Et. 3)","Impar / Par",none
838,62,14:00,16:00,"Mazilescu R ",Marketing,"Sala 3",Impar,Grupa:1
839,62,14:00,16:00,"Mazilescu R ",Marketing,"Sala 3",Par,Grupa:2
840,63,8:00,10:00,industrie,ProgPeDispMob,"Sala L.305","Impar / Par",Grupa:1
841,63,10:00,12:00,"Boriga R",Cript&Securitate,"Amf. Pompeiu (Et. 2)","Impar / Par",none
842,63,14:00,16:00,"lonescu R",ProgPeDispMob,"Amf. Stoilow (Et. 1)","Impar / Par",none
843,63,16:00,18:00,"Maimut D",Cript&Securitate,"Sala L-309","Impar / Par",Grupa:1
844,63,18:00,20:00,"Maimut D",Cript&Securitate,"Sala L-322","Impar / Par",Grupa:2
845,63,8:00,10:00,industrie,ProgPeDispMob,"Sala L.305","Impar / Par",Grupa:2
846,64,8:00,10:00,"Dinu L",Comp&Translat,"Amf. Stoilow (Et. 1)","Impar / Par",none
847,64,10:00,12:00,"Predut SN",TestSistSoft,"Sala L-309","Impar / Par",none
848,64,12:00,14:00,"Dragulici D",Comp&Translat,"Sala 3",Par,none
849,64,12:00,14:00,"Dragulici D",SistOpLinux,"Sala 220","Impar / Par",none
850,64,12:00,15:00,"Predut SN",TestSistSoft,"Sala 202","Impar / Par",none
851,64,16:00,18:00,"Dragulici D",Comp&Translat,"Sala L-308","Impar / Par",none
852,64,12:00,14:00,"Dragulici D",SistOpLinux,"Sala L-322","Impar / Par",none
853,65,8:00,10:00,"Dinu L",Comp&Translat,"Amf. Stoilow (Et. 1)","Impar / Par",none
854,65,12:00,14:00,"Predut SN",TestSistSoft,"Sala 201(BD)","Impar / Par",none
855,65,12:00,14:00,"-Dragulici D",SistOpLinux,"Sala 220","Impar / Par",none
856,65,12:00,15:00,"Predut SN",TestSistSoft,"Sala 202","Impar / Par",none
857,65,18:00,20:00,"Dragulici D.",Comp&Translat,"Sala 8",Impar,none
858,65,14:00,16:00,"Dragulici D",SistOpLinux,"Sala L-322","Impar / Par",none
859,65,16:00,18:00,"Dragulici D",Comp&Translat,"Sala L-322","Impar / Par",none
860,66,8:00,10:00,"Dinu L",Comp&Translat,"Amf. Stoilow (Et. 1)","Impar / Par",none
861,66,16:00,18:00,"Dragulici D",Comp&Translat,"Sala L-308","Impar / Par",none
862,66,12:00,14:00,"-Dragulici D",SistOpLinux,"Sala 220","Impar / Par",none
863,66,14:00,16:00,"Predut SN",TestSistSoft,"Sala L.310","Impar / Par",none
864,66,16:00,18:00,"Dragulici D",Comp&Translat,"Sala 120",Impar,none
865,66,18:00,20:00,"Dragulici D",SistOpLinux,"Sala 201(BD)","Impar / Par",none
866,66,12:00,15:00,"Predut SN",TestSistSoft,"Sala 202","Impar / Par",none
867,67,12:00,14:00,"Popescu RC",Geom&AlgLin,"Amf. Titeica (Et. 3)","Impar / Par",none
868,67,14:00,16:00,"Dumitran M",StructDate,"Amf. Titeica (Et. 3)","Impar / Par",none
869,67,16:00,18:00,"Dumitran M ",StructDate,"Sala L.221C",Impar,Grupa:1
870,67,16:00,18:00,"Dumitran M ",StructDate,"Sala L.221C",Par,Grupa:2
871,67,8:00,10:00,"Micluta M",POO,"Sala L.121D","Impar / Par",Grupa:1
872,67,10:00,12:00,"Paun A",LbForm&Autom,"Amf. Pompeiu (Et. 2)","Impar / Par",none
873,67,12:00,14:00,"Mihai G",BD,"Sala 201(BD)","Impar / Par",none
874,67,14:00,16:00,"Mihai G",BD,"Sala 201(BD)","Impar / Par",Grupa:2
875,67,10:00,12:00,"Dumitran M",StructDate,"Sala 3",Impar,none
876,67,12:00,14:00,"Dobrovat A",POO,"Amf. Pompeiu (Et. 2)","Impar / Par",none
877,67,14:00,16:00,"Chirita Ca",TehniciWeb,"Sala L.310","Impar / Par",Grupa:2
878,67,8:00,10:00,"Costan M ",LbForm&Autom,"Sala L.221A",Impar,Grupa:1
879,67,10:00,12:00,"Halanay A",GeomAlgLin,"Sala 1","Impar / Par",none
880,67,12:00,14:00,"Chirita Ca",TehniciWeb,"Sala L.221A","Impar / Par",Grupa:1
881,67,14:00,16:00,"Chirita Ca",TehniciWeb,"Amf. Hater (Et. 0)","Impar / Par",none
882,67,12:00,14:00,"Micluta M",POO,"Sala L.302A","Impar / Par",Grupa:2
883,67,8:00,10:00,"Costan M ",LbForm&Autom,"Sala L.221A",Par,Grupa:2
884,67,10:00,12:00,"Marin Le",BD,"Amf. Stoilow (Et. 1)","Impar / Par",none
885,67,12:00,14:00,"Cheptea D",LbForm&Autom,"Sala 1",Impar,none
886,67,14:00,16:00,"Cheptea D",POO,"Sala 216",Impar,none
887,68,8:00,10:00,"Dinu L",Comp&Translat,"Amf. Stoilow (Et. 1)","Impar / Par",none
888,68,14:00,16:00,"Dragulici D",Comp&Translat,"Sala L-308","Impar / Par",none
889,68,12:00,14:00,"-Dragulici D",SistOpLinux,"Sala 220","Impar / Par",none
890,68,16:00,18:00,"Predut SN",TestSistSoft,"Sala L-309","Impar / Par",none
891,68,18:00,20:00,"Dragulici D",SistOpLinux,"Sala L-309","Impar / Par",none
892,68,12:00,15:00,"Predut SN",TestSistSoft,"Sala 202","Impar / Par",none
893,68,18:00,20:00,"Dragulici D",Comp&Translat,"Sala 8",Par,none
894,69,14:00,17:00,"Bulacu D",Grup&Reprezentari,"Sala 216","Impar / Par",none
895,69,17:00,20:00,"Stefan D",AlgebraOmologica,"Sala 1","Impar / Par",none
896,69,17:00,20:00,"Aprodu M",GeomAlgebr,"Sala 3","Impar / Par",none
897,69,17:00,20:00,"Paunescu L",ElemAn&AnFourier,"Sala 120","Impar / Par",none
898,69,16:00,19:00,"Gica A",TeoriaNr,"Sala 0","Impar / Par",none
899,70,17:00,20:00,"Fat S",Proi&ManagProgrEdu,"Sala 0","Impar / Par",none
900,70,15:00,18:00,"Munteanu R",ComplAnMateProf,"Sala q2","Impar / Par",none
901,70,18:00,20:00,"Mincu G",TutPractPedagObs,"Sala 12",Par,none
902,70,17:00,20:00,"Gherghe C",CompllGeomProf,"Sala 215(Alg)","Impar / Par",none
903,70,17:00,20:00,"Dumitrescu T",ComplAlgebraProf,"Sala 215(Alg)","Impar / Par",none
904,70,18:00,20:00,"402 - none",TutPractPedagOb,"Sala Ss","Impar / Par",none
905,71,17:00,20:00,"Iftimie B",IntrTeorRisc&Actu,"Sala 10","Impar / Par",none
906,71,17:00,20:00,"Cimpean I",BazeCalcStoclto,"Sala T2","Impar / Par",none
907,71,16:00,19:00,"Patriche M",LecTeorJoc,"Sala 5","Impar / Par",none
908,71,17:00,19:00,"Amarioarei A",InstStatPtFin,"Sala 215(Alg)","Impar / Par",none
909,71,19:00,20:00,Amarioarei,,"Sala J2A","Impar / Par",none
910,72,17:00,19:00,PaunA,ModSintactSistBio,"Sala 215(Alg)","Impar / Par",none
911,72,19:00,20:00,"Paun A",ModSintactSistBio,"Sala 215(Alg)","Impar / Par",none
912,73,18:00,20:00,"Ichim B / Paduraru C","Big Data","Amf. Hater (Et. 0)","Impar / Par",none
913,73,16:00,18:00,"Ichim B / Paduraru C","Big Data ","Sala L-204",Impar,Grupa:1
914,73,18:00,20:00,"Ichim B / Paduraru C","Big Data ","Sala L-204",Impar,Grupa:2
915,73,16:00,18:00,"Ichim B / Paduraru C","Big Data ","Sala L-204",Par,Grupa:3
916,73,18:00,20:00,"Ichim B / Paduraru C","Big Data ","Sala L-204",Par,Grupa:4
917,73,8:00,10:00,"BanuDem. I",AplWebPtBD,"Amf. Titeica (Et. 3)","Impar / Par",none
918,73,10:00,12:00,"BanuDem. I ",ApllWebPtBD,"Sala L-204",Impar,Grupa:1
919,73,10:00,12:00,"BanuDem. I ",AplWebPtBD,"Sala L-204",Par,Grupa:2
920,73,14:00,16:00,industrie,DezvSoftDispMob,"Sala 202",Impar,none
921,73,18:00,20:00,industrie,DezvSoftDispMob,"Sala L.305","Impar / Par",Grupa:1
922,73,16:00,18:00,industrie,DezvSoftDispMob,"Sala L.305","Impar / Par",Grupa:2
923,74,18:00,20:00,"llinca D","NManacdementercch 3","Sala L-309",Impar,none
924,74,8:00,10:00,"Tataram M ",PagWebSemantice,"Sala 202",Impar,Grupa:1
925,74,16:00,18:00,"Tataram M",PagWebSemantice,"Sala 202","Impar / Par",none
926,74,18:00,20:00,"Tataram M ",PagWebSemantice,"Sala 202",Par,Grupa:2
927,74,18:00,20:00,"llie CA","Managementerset 2","Sala L-322",Par,none
928,74,8:00,10:00,"Stefanescu A",ManagementPrSoft,"Amf. Titeica (Et. 3)","Impar / Par",none
929,74,10:00,11:00,"Stefanescu A",ManagementPrSoff,"Sala L-321","Impar / Par",Grupa:1
930,75,16:00,18:00,"Hristea F","NatLangProc 1 ","Sala 201(BD)",Impar,Grupa:1
931,75,18:00,20:00,"Hristea F","NatLangProc 1 ","Sala 201(BD)",Impar,Grupa:2
932,75,18:00,20:00,"Hristea F","NatLangProc 1 ","Sala 201(BD)",Par,Grupa:4
933,75,16:00,18:00,"Alexe B",ComputerVision,"Amf. Titeica (Et. 3)","Impar / Par",none
934,75,18:00,20:00,"Georgescu I","ComputerVision ","Sala L-308",Impar,Grupa:4
935,75,8:00,10:00,"Alexe B","AdvMachLearn ","Sala 3",Impar,Grupa:3
936,75,18:00,20:00,"Georgescu I","ComputerVision ","Sala L-308",Par,Grupa:2
937,75,18:00,20:00,"Hristea F","NatLangProc 1 ","Sala L.218",Par,Grupa:3
938,75,8:00,10:00,"Alexe B","AdvMachLearn ","Sala 3",Par,Grupa:4
939,75,16:00,18:00,"Hristea F","NatLangProc 1","Amf. Pompeiu (Et. 2)","Impar / Par",none
940,75,8:00,10:00,"Alexe B","ComputerVision ","Sala L-309",Impar,Grupa:3
941,75,8:00,10:00,"Alexe B","ComputerVision ","Sala L-309",Par,Grupa:4
942,75,8:00,10:00,"Alexe B",AdvMachLearn,"Amf. Stoilow (Et. 1)","Impar / Par",none
943,75,10:00,12:00,"Alexe B","AdvMachLearn ","Sala 3",Impar,Grupa:1
944,75,10:00,12:00,"Alexe B","AdvMachLearn ","Sala 3",Par,Grupa:2
945,76,8:00,10:00,"Serbanuta T",ImplConclInLbProgr,"Sala 202","Impar / Par",none
946,76,10:00,12:00,"Budau A ",ImplConcInLbProgr,"Sala L-322",Impar,Grupa:1
947,76,10:00,12:00,"Budau A ",ImplConcInLbProgr,"Sala L-322",Par,Grupa:2
948,76,16:00,18:00,"Tataram M",PagWebSemantice,"Sala 202","Impar / Par",none
949,76,18:00,20:00,"Tataram M ",PagWebSemantice,"Sala 202",Impar,Grupa:1
950,76,8:00,10:00,"Tataram M ",PagWebSemantice,"Sala 202",Par,Grupa:2
951,77,18:00,20:00,"Stancu A ",VerifProg,"Sala L-308",Impar,Grupa:2
952,77,18:00,20:00,"Stancu A ",VerifProg,"Sala L-308",Par,Grupa:1
953,77,8:00,10:00,"Murgan M ",SO:Proiec&Securit,"Sala L-322",Impar,Grupa:1
954,77,10:00,12:00,"lrofti P",SO:Proiec&Securit,"Sala 220","Impar / Par",none
955,77,8:00,10:00,"Murgan M ",SO:Proiec&Securit,"Sala L-322",Par,Grupa:2
956,77,16:00,18:00,"Olimid R",SecuritRetele,"Sala Zig","Impar / Par",none
957,77,8:00,10:00,"Olimid R ",SecuritRetele,"Sala L.221C",Par,Grupa:1
958,77,18:00,20:00,"Olimid R ",SecuritRetele,"Sala L.218",Par,Grupa:2
959,77,8:00,10:00,"Serbanuta T",VerifProg,"Sala 202","Impar / Par",none
960,78,12:00,14:00,"Popescu RC",Geom&AlgLin,"Amf. Titeica (Et. 3)","Impar / Par",none
961,78,14:00,16:00,"Dumitran M",StructDate,"Amf. Titeica (Et. 3)","Impar / Par",none
962,78,10:00,12:00,"Paun A",LbForm&Autom,"Amf. Pompeiu (Et. 2)","Impar / Par",none
963,78,14:00,16:00,"Ghisoiu V",GeomAlgLin,"Sala 8","Impar / Par",none
964,78,12:00,14:00,"Moanga N",BD,"Sala L.221C","Impar / Par",Grupa:2
965,78,12:00,14:00,"Dobrovat A",POO,"Amf. Pompeiu (Et. 2)","Impar / Par",none
966,78,14:00,16:00,"Cheptea D",TehniciWeb,"Sala L.302A","Impar / Par",Grupa:1
967,78,16:00,18:00,"Moanga N",BD,"Sala L.221C","Impar / Par",Grupa:1
968,78,10:00,12:00,"Dumitran M",StructDate,"Sala 3",Par,none
969,78,16:00,18:00,"Cheptea D",TehniciWeb,"Sala L.221A","Impar / Par",Grupa:2
970,78,10:00,12:00,"Lupascu M ",POO,"Sala L.221C",Impar,Grupa:1
971,78,12:00,14:00,"Dumitran M ",StructDate,"Sala L.310",Impar,Grupa:1
972,78,14:00,16:00,"Chirita Ca",TehniciWeb,"Amf. Hater (Et. 0)","Impar / Par",none
973,78,10:00,12:00,"Costan M ",LbForm&Autom,"Sala L.221A",Impar,Grupa:2
974,78,12:00,14:00,"Lupascu M ",POO,"Sala L.221C",Impar,Grupa:2
975,78,10:00,12:00,"Costan M ",LbForm&Autom,"Sala L.221A",Par,Grupa:1
976,78,12:00,14:00,"Lupascu M ",POO,"Sala L.221C",Par,Grupa:1
977,78,10:00,12:00,"Lupascu M ",POO,"Sala L.221C",Par,Grupa:2
978,78,12:00,14:00,"Dumitran M ",StructDate,"Sala L.310",Par,Grupa:2
979,78,10:00,12:00,"Marin Le",BD,"Amf. Stoilow (Et. 1)","Impar / Par",none
980,78,12:00,14:00,"Cheptea D",LbForm&Autom,"Sala 1",Par,none
981,78,14:00,16:00,"Cheptea D",POO,"Sala 216",Par,none
982,79,18:00,20:00,"Ichim B / Paduraru C","Big Data","Amf. Hater (Et. 0)","Impar / Par",none
983,79,8:00,10:00,"Alexe B","AdvMachLearn ","Sala 3",Impar,Grupa:3
984,79,8:00,10:00,"Alexe B","AdvMachLearn ","Sala 3",Par,Grupa:4
985,79,16:00,18:00,"Ichim B / Paduraru C","Big Data ","Sala L-204",Impar,Grupa:1
986,79,18:00,20:00,"Ichim B / Paduraru C","Big Data ","Sala L-204",Impar,Grupa:2
987,79,16:00,18:00,"Ichim B / Paduraru C","Big Data ","Sala L-204",Par,Grupa:3
988,79,18:00,20:00,"Ichim B / Paduraru C","Big Data ","Sala L-204",Par,Grupa:4
989,79,8:00,10:00,"Cidota M",StatDataSci,"Sala 202","Impar / Par",none
990,79,10:00,12:00,"Cidota M ",StatDataSci,"Sala L-309",Impar,Grupa:1
991,79,10:00,12:00,"Cidota M ",StatDataSci,"Sala L-309",Par,Grupa:2
992,79,8:00,10:00,"Alexe B",AdvMachLearn,"Amf. Stoilow (Et. 1)","Impar / Par",none
993,79,10:00,12:00,"Alexe B","AdvMachLearn ","Sala 3",Impar,Grupa:1
994,79,10:00,12:00,"Alexe B","AdvMachLearn ","Sala 3",Par,Grupa:2
995,80,17:00,20:00,"Voica C",AlgebrComp,"Sala 216","Impar / Par",none
996,80,16:00,19:00,"Gherghe C",IntrTeorCod,"Sala 5","Impar / Par",none
997,80,17:00,20:00,"Dumitrescu T",TeorVal&CorpLoc,"Sala 8","Impar / Par",none
998,80,14:00,16:00,"Bulacu D",IntrTeorGrCuantice,"Sala 215(Alg)","Impar / Par",none
999,80,16:00,17:00,"Stefan D",IntrTeorGrCuantice,"Sala 215(Alg)","Impar / Par",none
1000,80,17:00,20:00,"Aprodu M",FibrVect&Apl,"Sala 120","Impar / Par",none
1001,81,16:00,19:00,"Pricop M",Modele,"Sala statistice","Impar / Par",none
1002,81,17:00,20:00,industrie,IntrAuditFin,"Sala 215(Alg)","Impar / Par",none
1003,81,17:00,20:00,"Beznea L",ModDinamPop,"Sala 10","Impar / Par",none
1004,81,17:00,20:00,"Popescu lo",MachineLearning,"Sala L-309","Impar / Par",none
1005,82,18:00,20:00,,Proiect,"Amf. Titeica (Et. 3)","Impar / Par",none
1006,82,16:00,18:00,,Proiect,"Sala L-303","Impar / Par",none
1007,82,8:00,10:00,"lpate F",ElemProgAv,"Sala 1","Impar / Par",none
1008,82,18:00,20:00,"Predut SN","ElemProgAv ","Sala L.221A",Impar,Grupa:3
1009,82,18:00,20:00,"Predut SN","ElemProgAv ","Sala L.221A",Par,Grupa:2
1010,82,18:00,20:00,"Predut SN","ElemProgAv ","Sala L.221A",Par,Grupa:1
1011,82,8:00,10:00,"Cidota M",Mod&TehPrRealVirt,"Sala 220","Impar / Par",none
1012,82,10:00,12:00,"Cidota M ",Mod&TehPrReal,"Sala L-204",Impar,none
1013,82,10:00,12:00,"Cidota M",Mod&TehPrReal@lt2,"Sala L-204",Par,none
1014,83,16:00,18:00,"Ducoffe G ",TehAvProg&Aspecte,"Sala L-309",Impar,Grupa:1
1015,83,18:00,20:00,"Ducoffe G",TehAvProg&Aspecte,"Amf. Stoilow (Et. 1)","Impar / Par",none
1016,83,16:00,18:00,"Ducoffe G ",TehAvProg&Aspecte,"Sala L-309",Par,Grupa:2
1017,83,16:00,17:00,"Stefanescu Gh",DezvApllinteractive,"Amf. Pompeiu (Et. 2)","Impar / Par",Grupa:1
1018,83,18:00,20:00,"Stefanescu Gh",DezvApllnteractive,"Amf. Pompeiu (Et. 2)","Impar / Par",none
1019,83,17:00,18:00,"Stefanescu Gh",DezvApllnteractive,"Amf. Pompeiu (Et. 2)","Impar / Par",Grupa:2
1020,83,8:00,10:00,"lpate F",Test&Verif,"Sala 1","Impar / Par",none
1021,83,10:00,12:00,"Turlea A","Test&Verif ","Sala L-322",Impar,Grupa:1
1022,83,18:00,20:00,"Turlea A","Test&Verif ","Sala L-322",Impar,Grupa:3
1023,83,10:00,12:00,"Turlea A","Test&Verif ","Sala L-322",Par,Grupa:2
1024,84,16:00,18:00,"Dinu L",LingvMat&Comp,"Sala 202","Impar / Par",none
1025,84,18:00,19:00,"Dinu L",LingvMat&Comp,"Sala 202","Impar / Par",Grupa:1
1026,84,19:00,20:00,"Dinu L",LingvMat&Comp,"Sala 202","Impar / Par",Grupa:2
1027,84,16:00,18:00,"Hristea F",SemCompaApiRegiat,"Sala L-322",Par,none
1028,84,15:00,16:00,"Popescu M","Text Mining","Sala none","Impar / Par",Grupa:1
1029,84,16:00,18:00,"Popescu M","Text Mining","Sala 202","Impar / Par",none
1030,84,18:00,19:00,"Popescu M","Text Mining","Sala L.302A","Impar / Par",Grupa:2
1031,84,8:00,9:00,"Dinu L",LingvMat&Comp,"Sala 215(Alg)","Impar / Par",Grupa:3
1032,84,19:00,20:00,"Popescu M","Text Mining","Sala L.302A","Impar / Par",Grupa:3
1033,84,16:00,18:00,"Hristea F",SemCompAplReginf,"Sala 202","Impar / Par",none
1034,84,18:00,20:00,"Hristea F","SemCom p&Apined ie","Sala L.310",Impar,none
1035,84,18:00,20:00,"Hristea F","SemCom peApined 1","Sala L-204",Par,none
1036,85,16:00,19:00,"Atanasiu A",SecuritFluxInf,"Sala 220","Impar / Par",none
1037,85,18:00,20:00,"Stefanescu Gh","ProceseConcurente[ora 18-21]","Sala 202","Impar / Par",none
1038,85,17:00,20:00,"Prunescu M",TopSpinLog&Sec(Il),"Sala 219","Impar / Par",none
1039,86,17:00,20:00,industrie,Inginv&TehSecCod,"Sala L-303","Impar / Par",none
1040,86,17:00,20:00,"Prunescu M",TopSpinLog&Sec(Il),"Sala 219","Impar / Par",none
1041,87,18:00,20:00,"Olimid R","SS - FMI Crypto Group","Sala 219",Impar,none
1042,87,12:00,14:00,"Popescu D","SS - AlgebraComutativa","Sala 120","Impar / Par",none
1043,87,14:00,16:00,"Bucur G","SS - Teoria","Sala Potentialului","Impar / Par",none
1044,87,18:00,20:00,"Dinu L","SS - LingvComp","Amf. Stoilow (Et. 1)","Impar / Par",none
1045,87,14:00,16:00,"Olimid R","SS - Cyber Security","Sala 214Google","Impar / Par",none
1046,87,16:00,18:00,"Alexandru V",Ss,"Sala 216","Impar / Par",none
1047,87,8:00,10:00,"lrofti P","SS - Seminarul desecuritate","Sala 214Google",Impar,none
1048,87,16:00,18:00,"Tigoiu S / Tigoiu V","SS - MecMedDefor","Sala 220","Impar / Par",none
1049,87,10:00,12:00,"Leustean L","SS - Seminarul de logica","Sala 202",Par,none
1050,88,9:00,11:00,"Odea S / Matisan A",Algebra,"Sala II",Impar,none
1051,88,10:00,12:00,"Marchidanu V / Popovici I",AnalizaMate,"Sala II",Par,none
1052,88,10:00,12:00,"Maierean R / Mocanu",C,"Sala ElemCalcStiin","Impar / Par",none
1053,88,14:00,16:00,"Nita A / Diaconu Cc",Geometrie,"Sala II","Impar / Par",none
1054,88,16:00,18:00,"Alexandrescu C","Geometrie II","Sala 120","Impar / Par",none
1055,88,9:00,11:00,"Odea S","Geometrie II","Sala 10","Impar / Par",none
1056,88,16:00,18:00,"Mihail AM / Velcea AM",LogicaMatem,"Sala L.310",Impar,none
1057,88,16:00,18:00,"Mihail AM / Velcea AM",LogicaMatem,"Sala 1",Par,none
1058,88,12:00,14:00,"Mihail AM / Pascu C","Algebra Il","Sala 215(Alg)","Impar / Par",none
1059,89,12:00,14:00,"Popescu RC",Geom&AlgLin,"Amf. Titeica (Et. 3)","Impar / Par",none
1060,89,14:00,16:00,"Dumitran M",StructDate,"Amf. Titeica (Et. 3)","Impar / Par",none
1061,89,18:00,20:00,"Tapirdea A",TehniciWeb,"Sala L.218","Impar / Par",Grupa:1
1062,89,10:00,12:00,"Paun A",LbForm&Autom,"Amf. Pompeiu (Et. 2)","Impar / Par",none
1063,89,14:00,16:00,"Dinu R",LbForm&Autom,"Sala 10",Impar,none
1064,89,16:00,18:00,"Moanga N ",BD,"Sala E2216",Impar,Grupa:1
1065,89,12:00,14:00,"Dumitran M",StructDate,"Sala 219",Par,none
1066,89,14:00,16:00,"Moanga N ",BD,"Sala L.221C",Par,Grupa:1
1067,89,18:00,20:00,"Macarau H ",LbForm&Autom,"Sala L.221C",Par,Grupa:2
1068,89,12:00,14:00,"Dobrovat A",POO,"Amf. Pompeiu (Et. 2)","Impar / Par",none
1069,89,16:00,18:00,"Dumitran M ",StructDate,"Sala L.302A",Impar,Grupa:2
1070,89,14:00,16:00,"Moanga N",BD,"Sala L.221C","Impar / Par",Grupa:2
1071,89,8:00,10:00,"Ghisoiu V",Geom&AlgLin,"Sala 8","Impar / Par",none
1072,89,10:00,12:00,"Dumitran M ",StructDate,"Sala L.310",Impar,Grupa:1
1073,89,12:00,14:00,"Cheptea D",POO,"Sala 216",Impar,none
1074,89,14:00,16:00,"Chirita Ca",TehniciWeb,"Amf. Hater (Et. 0)","Impar / Par",none
1075,89,10:00,12:00,"Marin Le",BD,"Amf. Stoilow (Et. 1)","Impar / Par",none
1076,89,12:00,14:00,"Costan M",POO,"Sala L.221C","Impar / Par",Grupa:1
1077,89,18:00,20:00,"Macarau H ",LbForm&Autom,"Sala L.221C",Impar,Grupa:1
1078,89,8:00,10:00,"Tapirdea A",TehniciWeb,"Sala L.221C","Impar / Par",Grupa:2
1079,89,14:00,16:00,"Costan M",POO,"Sala L.221C","Impar / Par",Grupa:2
1080,90,10:00,12:00,"Vilculescu M",POO,"Sala L.221A",Impar,none
1081,90,16:00,18:00,"Bondoc G",POO,"Sala 5",Impar,none
1082,90,10:00,12:00,"Zamfira C",TehniciWeb,"Sala L.302A",Par,none
1083,90,16:00,18:00,"Istrati L / Miclaus A",StructDate,"Sala 12",Par,none
1084,90,14:00,16:00,"Dumitrache L",StructDate,"Sala 120","Impar / Par",none
1085,90,16:00,18:00,"lordachescu A",POO,"Sala L-321","Impar / Par",none
1086,90,16:00,18:00,"Stegarescu AM",GeomAlgLin,"Sala 0","Impar / Par",none
1087,90,14:00,16:00,"Enache C",LbForm&Autom,"Sala V2","Impar / Par",none
1088,90,14:00,16:00,"Apostu R",BD,"Sala L-309","Impar / Par",none
1089,91,14:00,16:00,"Tenita A",UtilizareaSO,"Sala L.302A","Impar / Par",none
1090,91,16:00,18:00,,MatematiciSpeciale,"Sala 120","Impar / Par",none
1091,91,12:00,14:00,"Bacircea P",CalculNumeric,"Sala 3",Impar,none
1092,91,12:00,14:00,"Dumitrascu A",TehniciDeProgr,"Sala L-303",Par,none
1093,91,14:00,16:00,"Costea I",ProiectareAsistDeCalc,"Sala L.302A","Impar / Par",none
